Country,LOCATION,Year,"Passenger car registrations sa, Index","Permits issued for dwellings sa, Index","Production in total manufacturing sa, Index","Production of electricity, gas, steam and air conditioning supply sa, index","Production of total construction sa, Index","Production of total energy sa, Index","Production of total industry sa, Index","Production of total manufactured intermediate goods sa, Index","Production of total manufactured investment goods sa, Index","Total retail trade (Volume) sa, Index","Work started for dwellings sa, Index"
Australia,AUS,2000,107.3669,57.15109,98.49372,,47.84125,,70.86642,,,57.69667,62.9238
Australia,AUS,2001,102.6701,61.87128,98.55775,,45.79744,,71.85328,,,60.15889,60.99082
Australia,AUS,2002,104.762,74.1684,103.1726,,55.03091,,73.78157,,,63.93376,76.70287
Australia,AUS,2003,114.1226,74.69143,106.2267,,59.85573,,73.77186,,,67.94049,74.74987
Australia,AUS,2004,114.4085,70.9297,106.6792,,64.27033,,74.51447,,,72.94405,73.88593
Australia,AUS,2005,118.0578,65.89158,105.5942,,68.05145,,76.00729,,,74.09361,67.92017
Australia,AUS,2006,116.0391,64.41245,106.1514,,71.92107,,77.42795,,,76.90704,67.96466
Australia,AUS,2007,123.5187,66.9207,108.1794,,76.67851,,80.32355,,,81.12333,68.20979
Australia,AUS,2008,115.7234,62.3713,111.583,,82.62894,,82.84937,,,82.73887,65.63085
Australia,AUS,2009,104.8245,62.1703,103.4823,,81.98687,,82.32095,,,85.2216,62.67289
Australia,AUS,2010,114.8229,76.04462,106.7302,,84.28962,,85.86167,,,86.77318,77.17087
Australia,AUS,2011,108.5012,64.22912,107.0426,,90.77512,,86.74606,,,87.64942,68.38506
Australia,AUS,2012,111.8623,65.07814,105.1123,,98.3446,,90.12704,,,90.46329,67.73066
Australia,AUS,2013,109.8454,75.76151,102.9208,,100.2391,,92.64716,,,92.83257,75.55553
Australia,AUS,2014,103.087,87.7058,101.5236,,103.7481,,97.60358,,,96.35315,89.83508
Australia,AUS,2015,100.0,100.0,100.0,,100.0,,100.0,,,100.0,100.0
Australia,AUS,2016,94.29378,97.61552,98.25407,,97.04064,,102.2292,,,102.8296,103.0576
Australia,AUS,2017,87.26524,94.07491,98.99553,,98.79115,,103.6494,,,104.9778,95.55038
Australia,AUS,2018,73.39315,88.60784,100.4802,,101.374,,107.8284,,,107.2373,99.02795
Australia,AUS,2019,61.56437,73.87622,98.56467,,99.26347,,110.2222,,,107.6089,77.49963
Australia,AUS,2020,43.06076,77.9142,97.44599,,93.38305,,109.3738,,,110.4999,80.85131
Austria,AUT,2000,,,71.23725,65.23333,76.67694,,70.08801,73.29593,83.3777,95.29883,
Austria,AUT,2001,,,72.71862,74.09167,76.09366,,72.21729,73.73276,84.24847,93.17329,
Austria,AUT,2002,,,72.58018,79.98333,76.66028,,72.70339,73.51434,78.57211,92.8232,
Austria,AUT,2003,,,74.26921,79.75,86.0345,,74.18224,75.82532,75.0563,92.7982,
Austria,AUT,2004,,,79.67551,79.93333,91.02575,,78.80366,80.60931,79.12207,93.33167,
Austria,AUT,2005,,,83.07436,83.9,95.26706,,82.1927,84.57602,78.57211,95.53222,
Austria,AUT,2006,,,89.47748,90.225,100.2583,,88.56682,90.34641,86.3501,96.72418,
Austria,AUT,2007,,,95.16068,91.525,104.0913,,93.53741,96.25066,93.09364,97.26598,
Austria,AUT,2008,,,96.07442,101.2417,104.0747,,95.34489,96.15203,95.07742,96.79086,
Austria,AUT,2009,,,83.89119,97.16666,101.8582,,84.71906,82.1664,78.55247,98.13287,
Austria,AUT,2010,,,89.72556,102.425,98.00017,,90.61674,90.8375,82.61169,100.175,
Austria,AUT,2011,,,95.70079,104.45,99.53337,,95.99155,96.64546,91.4236,98.99142,
Austria,AUT,2012,,,95.7681,120.1333,102.6914,,97.53906,95.53991,94.17732,98.33292,
Austria,AUT,2013,,,96.57576,114.5917,103.3747,,97.94671,95.66106,96.57995,98.09953,
Austria,AUT,2014,,,97.67508,101.175,101.4415,,97.91651,98.31895,96.09805,98.44962,
Austria,AUT,2015,,,100.0,99.99167,100.0,,100.0,100.0,100.0,100.0,
Austria,AUT,2016,,,102.6002,96.9,102.4081,,102.5167,103.7417,102.0668,101.3503,
Austria,AUT,2017,,,108.1257,108.2833,108.3993,,107.7167,109.4917,109.0341,102.1005,
Austria,AUT,2018,,,112.6844,122.2167,115.9153,,112.825,113.9083,115.7263,102.4256,
Austria,AUT,2019,,,112.7177,123.6917,122.8731,,113.2167,112.6667,118.6349,103.6509,
Austria,AUT,2020,,,104.7587,132.35,118.0985,,106.9083,107.5083,103.9087,103.4008,
Belgium,BEL,2000,102.8216,92.9235,66.91666,118.8,98.14985,,71.23573,81.27344,54.15833,86.53942,87.88017
Belgium,BEL,2001,97.52867,89.38091,70.525,113.425,97.83315,,74.3688,80.19002,60.08333,86.44774,90.52481
Belgium,BEL,2002,93.31485,91.28429,70.59167,115.775,96.36636,,74.61045,80.39837,58.25834,86.20603,82.74913
Belgium,BEL,2003,91.56399,97.65055,71.55,119.35,96.49137,,75.76868,81.43179,57.725,86.32272,94.35738
Belgium,BEL,2004,96.74514,113.0985,77.20834,119.625,100.1667,,81.14323,88.90741,61.35833,88.53143,104.407
Belgium,BEL,2005,95.81332,128.5897,79.98333,120.4167,100.1167,,83.87634,92.37437,66.89167,91.00684,117.9576
Belgium,BEL,2006,105.0043,132.4311,85.4,119.8917,103.467,,88.94259,101.3501,70.30833,94.50742,125.5815
Belgium,BEL,2007,104.7357,117.1391,92.69167,123.0417,105.6088,,95.98367,109.4091,83.01667,96.3994,118.3196
Belgium,BEL,2008,106.9614,114.9953,97.03333,121.0583,106.9839,,99.88335,113.3844,87.175,96.8328,109.9651
Belgium,BEL,2009,95.03619,99.32007,84.13333,129.9917,102.9086,,88.65928,88.40736,77.48333,97.79964,98.22896
Belgium,BEL,2010,109.2351,109.4498,92.94167,132.45,101.6751,,96.99192,101.0834,82.30833,98.93316,104.2553
Belgium,BEL,2011,114.1987,96.05682,98.40833,127.2583,106.9422,,101.5082,104.7504,92.55833,98.28305,89.95903
Belgium,BEL,2012,97.1403,101.3685,97.81667,116.6417,106.0755,,99.81668,103.0003,92.50833,97.92465,98.5888
Belgium,BEL,2013,97.00618,106.4096,97.04166,118.5667,102.5585,,99.31673,99.08326,91.68333,98.79147,96.89146
Belgium,BEL,2014,96.38232,118.8866,100.5417,102.9667,102.0502,,100.6666,98.90824,97.85,99.08318,114.0318
Belgium,BEL,2015,100.0,100.0,100.0,100.0,100.0,,100.0,100.0,100.0,100.0,100.0
Belgium,BEL,2016,107.6744,110.3874,102.6583,122.2667,100.6667,,104.4746,99.56663,101.9583,100.1,
Belgium,BEL,2017,109.079,108.209,105.5917,123.05,101.1168,,107.2411,103.5586,104.675,100.0,
Belgium,BEL,2018,109.6925,135.6749,108.5833,107.3167,103.0503,,108.6993,104.167,104.1083,100.1167,
Belgium,BEL,2019,109.7678,120.9393,111.7833,133.1583,102.3919,,113.9572,101.5335,106.125,100.9585,
Belgium,BEL,2020,86.1146,119.744,107.8083,128.9417,94.54955,,109.9492,96.64139,94.175,103.0088,
Brazil,BRA,2000,,,88.63125,,95.38996,,83.80452,,,52.72481,
Brazil,BRA,2001,,,89.83314,,93.17424,,85.12657,,,51.89568,
Brazil,BRA,2002,,,90.3809,,89.85178,,87.50023,,,51.53388,
Brazil,BRA,2003,,,90.45969,,84.41618,,87.78233,,,49.63443,
Brazil,BRA,2004,,,98.22346,,89.25423,,95.12389,,,54.21723,
Brazil,BRA,2005,,,100.5902,,90.41413,,97.78783,,,56.83274,
Brazil,BRA,2006,,,103.0016,,94.44122,,100.3942,,,60.36783,
Brazil,BRA,2007,,,109.1371,,99.26954,,106.3708,,,66.20185,
Brazil,BRA,2008,,,112.4465,,107.6951,,109.6433,,,72.24693,
Brazil,BRA,2009,,,104.5428,,100.9237,,101.8236,,,76.483,
Brazil,BRA,2010,,,115.03,,112.9053,,112.2306,,,84.81947,
Brazil,BRA,2011,,,115.3777,,117.4454,,112.6883,,,90.46507,
Brazil,BRA,2012,,,112.5978,,119.8565,,110.0984,,,98.08547,
Brazil,BRA,2013,,,115.7471,,121.199,,112.3862,,,102.2688,
Brazil,BRA,2014,,,110.9214,,114.3038,,108.9982,,,104.5451,
Brazil,BRA,2015,,,100.0,,100.0,,100.0,,,100.0,
Brazil,BRA,2016,,,94.02398,,88.41035,,93.57005,,,93.75896,
Brazil,BRA,2017,,,96.12362,,85.65517,,95.9311,,,95.71785,
Brazil,BRA,2018,,,97.18681,,86.57111,,96.85647,,,97.93628,
Brazil,BRA,2019,,,97.3696,,87.83736,,95.8096,,,99.73985,
Brazil,BRA,2020,,,92.8947,,87.62236,,91.54239,,,100.9186,
Canada,CAN,2000,119.2117,38.12952,114.0625,,59.11898,,96.83224,,,65.2323,78.498
Canada,CAN,2001,121.9437,42.39776,109.7147,,62.98997,,93.7872,,,66.91016,84.1941
Canada,CAN,2002,131.2193,55.45808,111.6336,,66.37135,,95.56929,,,70.1526,106.0985
Canada,CAN,2003,121.5005,59.9277,110.0694,,68.18143,,95.65697,,,71.75845,113.1101
Canada,CAN,2004,115.1309,69.0412,112.2177,,71.87509,,97.75493,,,73.31364,120.9326
Canada,CAN,2005,118.6573,72.58318,114.3342,,75.16885,,99.97868,,,75.97505,116.3068
Canada,CAN,2006,121.1758,76.94991,112.3001,,77.98078,,99.77518,,,79.64867,118.0037
Canada,CAN,2007,120.5919,85.37489,108.7341,,82.26084,,98.354,,,83.34133,117.9652
Canada,CAN,2008,125.5759,76.62313,102.7022,,84.38604,,95.09732,,,85.70951,109.0562
Canada,CAN,2009,104.9625,65.05736,88.30619,,79.15147,,84.85164,,,84.20683,76.43074
Canada,CAN,2010,99.70406,81.48327,92.33416,,85.26424,,89.93976,,,88.01687,98.94967
Canada,CAN,2011,97.37071,83.37213,95.53223,,88.47181,,94.22417,,,89.47252,99.8914
Canada,CAN,2012,-0.01610166,90.73734,96.78079,,95.35043,,94.09346,,,90.9031,111.2674
Canada,CAN,2013,-0.01591077,90.73948,96.38434,,99.41006,,95.71469,,,93.92963,97.12492
Canada,CAN,2014,0.03169953,95.57943,99.32127,,101.9443,,100.4259,,,97.88969,97.68084
Canada,CAN,2015,-0.002210979,100.0,100.0,,100.0,,100.0,,,100.0,100.0
Canada,CAN,2016,0.003543199,103.3545,99.82556,,95.61396,,100.0519,,,103.9251,102.361
Canada,CAN,2017,0.002538882,111.8877,101.977,,98.90773,,104.865,,,108.6692,113.6252
Canada,CAN,2018,-0.004098515,117.7946,105.119,,101.8087,,108.935,,,110.5928,110.3171
Canada,CAN,2019,,116.4249,104.7812,,102.5046,,108.7389,,,111.2915,107.696
Canada,CAN,2020,,125.9077,94.90742,,100.8097,,100.1988,,,110.025,112.6183
Chile,CHL,2000,38.5339,45.21924,69.99388,,54.34395,,70.09101,,,,
Chile,CHL,2001,34.84048,48.08327,70.46458,,57.68497,,71.36209,,,,
Chile,CHL,2002,36.32331,43.38527,72.81929,,51.814,,72.65739,,,,
Chile,CHL,2003,42.35027,53.17662,76.28011,,62.72789,66.84773,76.42826,,,,
Chile,CHL,2004,52.64676,63.42565,82.68719,,72.27759,71.56538,83.11656,,,,
Chile,CHL,2005,64.6089,63.31532,87.15721,,75.68335,74.00515,87.64403,,,49.584,
Chile,CHL,2006,67.54691,74.63935,90.281,,85.50201,78.06435,90.47672,,,52.78792,
Chile,CHL,2007,80.69354,71.68721,94.43054,,87.04204,78.73238,94.21128,,,56.88394,
Chile,CHL,2008,84.97796,69.45283,94.21333,,83.81339,77.25793,94.41102,,,59.9292,
Chile,CHL,2009,60.95836,63.37833,88.03328,,73.2411,79.42846,88.06773,,,60.29901,
Chile,CHL,2010,102.8459,44.41681,90.85569,,60.13878,82.59684,88.51563,,,69.97897,
Chile,CHL,2011,118.3608,71.07004,97.70457,,88.54648,87.07471,93.31547,,,77.67227,
Chile,CHL,2012,120.0519,61.16866,100.4794,,87.13741,91.94856,100.2939,,,86.01826,
Chile,CHL,2013,134.0174,64.15184,100.9336,,77.70823,95.33038,100.4629,,,94.46426,
Chile,CHL,2014,119.6158,85.16235,99.34424,,96.84364,97.58359,99.27512,,,96.78017,
Chile,CHL,2015,100.0,100.0,100.0,,100.0,100.0,100.0,,,100.0,
Chile,CHL,2016,108.2585,68.15476,99.48174,,79.33367,102.8963,100.0842,,,102.8669,
Chile,CHL,2017,127.8735,73.33777,99.24016,,79.30711,104.1196,99.11184,,,106.0959,
Chile,CHL,2018,147.7643,84.15871,102.3309,,86.51984,105.3148,101.9353,,,108.057,
Chile,CHL,2019,132.1176,89.15524,103.224,,90.15916,105.1114,102.7743,,,107.8524,
Chile,CHL,2020,91.70895,66.65021,100.0906,,65.80602,102.424,100.4233,,,108.2685,
Colombia,COL,2000,,29.88259,71.24858,,,,77.51415,,,,
Colombia,COL,2001,,33.33416,72.11479,,,,72.1235,80.22488,56.80222,,
Colombia,COL,2002,,44.17049,72.10584,,,,71.90094,79.26773,57.56956,,
Colombia,COL,2003,,52.09403,73.446,,,,73.40303,83.03957,56.3556,,
Colombia,COL,2004,,47.84614,77.77003,,,,77.34447,88.29388,69.70078,,
Colombia,COL,2005,,51.22115,80.80512,,,,80.42934,90.71771,81.01768,,
Colombia,COL,2006,,62.48987,89.0872,,,,89.09431,95.24571,96.77223,,
Colombia,COL,2007,,72.36504,97.7506,,,,97.73622,100.7091,116.0841,,
Colombia,COL,2008,,62.12762,94.5369,,,,94.25143,100.4105,94.7243,,
Colombia,COL,2009,,50.49669,89.75491,,,,89.7886,96.5244,81.54856,,
Colombia,COL,2010,,71.80379,93.54453,,,,93.35143,101.7066,95.90761,,
Colombia,COL,2011,,101.7919,98.1432,,,,97.76548,103.519,105.7006,,
Colombia,COL,2012,,81.62857,97.80636,,,,97.55001,100.9006,105.6084,,
Colombia,COL,2013,,91.52124,96.52831,,,,96.27403,97.6303,99.07953,87.43193,
Colombia,COL,2014,,91.01884,98.00392,,,,97.89849,96.49327,103.2676,94.16265,
Colombia,COL,2015,,100.0,100.0,,,,100.0,100.0,100.0,100.0,
Colombia,COL,2016,,81.13577,104.0472,,,,103.4981,102.6745,99.03531,101.9246,
Colombia,COL,2017,,77.31875,103.5215,,,,103.507,101.8993,91.35995,101.7212,
Colombia,COL,2018,,72.48351,106.5521,,,,106.5386,104.5215,96.31679,106.6167,
Colombia,COL,2019,,90.41749,108.1273,,,,107.9121,,,114.0469,
Colombia,COL,2020,,65.60357,99.37045,,,,99.15141,,,108.8463,
Costa Rica,CRI,2000,,,82.82552,,41.68834,65.53202,,,,,
Costa Rica,CRI,2001,,,81.6508,,48.27649,68.17039,,,,,
Costa Rica,CRI,2002,,,85.53993,,48.2116,71.15235,,,,,
Costa Rica,CRI,2003,,,89.26969,,50.57899,74.69794,,,,,
Costa Rica,CRI,2004,,,91.62409,,54.07845,78.00499,,,,,
Costa Rica,CRI,2005,,,95.80121,,53.75397,80.82047,,,,,
Costa Rica,CRI,2006,,,100.9049,,62.03165,85.03352,,,,,
Costa Rica,CRI,2007,,,103.6488,,76.51072,88.35029,,,,,
Costa Rica,CRI,2008,,,100.4474,,86.08968,90.07905,,,,,
Costa Rica,CRI,2009,,,91.51405,,82.146,89.3489,,,,,
Costa Rica,CRI,2010,,,95.91716,,79.22643,91.59106,,,,,
Costa Rica,CRI,2011,,,99.67117,,78.05386,92.74949,,,,,
Costa Rica,CRI,2012,,,98.64365,,85.63527,95.30065,,,,,
Costa Rica,CRI,2013,,,97.27329,,80.69133,95.54131,,,,,
Costa Rica,CRI,2014,,,98.71722,,83.26079,97.40669,,,,,
Costa Rica,CRI,2015,,,100.0,,100.0,100.0,,,,,
Costa Rica,CRI,2016,,,104.3968,,96.11826,103.4227,,,,,
Costa Rica,CRI,2017,,,107.3816,,89.67076,103.5127,,,,,
Costa Rica,CRI,2018,,,108.6124,,94.47587,104.8775,,,,,
Costa Rica,CRI,2019,,,110.8709,,79.43121,106.0036,,,,,
Costa Rica,CRI,2020,,,110.7322,,75.81303,102.5084,,,,,
Czech Republic,CZE,2000,,123.919,53.38722,97.00075,72.93333,,60.47326,,,63.11974,122.7424
Czech Republic,CZE,2001,,108.098,58.27848,98.30042,80.53333,,64.98917,,,67.54437,109.8757
Czech Republic,CZE,2002,,125.9935,59.62836,101.6246,82.96667,,66.33061,,,68.32764,127.3334
Czech Republic,CZE,2003,66.26656,141.3397,61.59487,110.0142,90.7,,68.74687,,,73.72719,138.3577
Czech Republic,CZE,2004,62.21254,151.887,69.48588,111.1722,98.70834,,75.91235,,,75.91034,147.9908
Czech Republic,CZE,2005,65.71124,156.211,73.05225,109.0061,103.8,,78.87019,,,80.47662,153.0859
Czech Republic,CZE,2006,67.87145,167.2082,79.97667,112.2886,110.075,,85.40244,,,86.44279,165.8465
Czech Republic,CZE,2007,75.56886,169.2827,89.89251,114.5714,117.8667,,94.49258,,,92.24231,166.0323
Czech Republic,CZE,2008,79.07666,169.0327,88.56762,109.2477,117.8,,92.78454,,,95.06708,165.0277
Czech Republic,CZE,2009,72.64584,141.2397,75.06041,105.157,116.7083,,80.13664,,,93.96717,141.4778
Czech Republic,CZE,2010,73.45673,107.7481,82.56812,110.1475,108.0167,,87.05215,,,93.23389,106.6609
Czech Republic,CZE,2011,75.1959,106.3484,88.80093,108.5229,104.1667,,92.18464,,,93.33389,104.3862
Czech Republic,CZE,2012,75.36613,89.97751,88.18432,108.173,96.24167,,91.40977,,,92.30898,90.42763
Czech Republic,CZE,2013,71.36279,84.004,88.8426,106.0068,89.775,,91.34311,,,92.17565,83.81227
Czech Republic,CZE,2014,83.30438,90.90228,94.76711,102.8493,93.61667,,95.86736,,,94.49213,92.31557
Czech Republic,CZE,2015,100.0,100.0,100.0,100.0,100.0,,100.0,,,99.99167,100.0
Czech Republic,CZE,2016,112.4909,104.2239,104.0663,100.8664,94.39167,,103.4078,,,104.7163,103.2072
Czech Republic,CZE,2017,117.6464,122.9693,111.3074,105.2237,97.48333,,110.115,,,110.9241,119.4973
Czech Republic,CZE,2018,113.2463,127.1432,115.0154,107.4648,106.45,,113.4728,,,116.4903,125.563
Czech Republic,CZE,2019,108.2553,152.3619,114.9488,106.715,109.35,,113.2395,,,122.0898,146.626
Czech Republic,CZE,2020,87.92066,139.4401,106.8578,100.0167,102.5417,,105.1241,,,121.0899,133.6492
Denmark,DNK,2000,54.98761,70.65,97.10833,120.7,88.075,,109.8333,106.4333,87.48333,92.71137,78.56662
Denmark,DNK,2001,46.51007,84.15,100.2,126.65,92.475,,112.4417,104.9917,94.0,92.91962,100.0577
Denmark,DNK,2002,54.00286,100.775,100.8833,124.8167,90.625,,113.9667,106.6667,94.85833,95.46855,110.1134
Denmark,DNK,2003,46.69735,112.3,98.79166,152.9417,89.125,,113.975,106.9083,91.9,98.15077,130.5566
Denmark,DNK,2004,59.29921,121.175,97.00833,135.25,93.775,,112.375,108.7833,91.83334,102.9404,136.6324
Denmark,DNK,2005,71.89768,149.625,100.85,121.2833,98.625,,115.7,109.7667,92.58334,107.8967,163.906
Denmark,DNK,2006,75.83716,150.425,105.1917,150.025,104.525,,119.6333,116.4083,100.7917,111.7368,171.6208
Denmark,DNK,2007,78.62542,93.375,104.55,129.5167,107.225,,115.4333,117.4083,103.2583,113.586,121.4238
Denmark,DNK,2008,72.90662,64.275,102.85,119.225,107.375,,112.7667,116.2083,105.1833,111.262,81.41704
Denmark,DNK,2009,54.31789,34.25,85.425,118.8667,94.825,,96.56667,88.875,85.53333,106.9804,53.53778
Denmark,DNK,2010,74.33463,66.575,88.275,127.3417,88.7,,98.625,90.70834,87.575,105.2561,79.30686
Denmark,DNK,2011,82.16422,73.2,92.15,116.3333,91.525,,99.75,93.36667,92.86667,102.349,90.42011
Denmark,DNK,2012,81.74903,53.3,94.25,102.8167,92.45,,99.56667,92.98333,92.50833,99.00874,73.56758
Denmark,DNK,2013,87.41411,50.9,96.025,114.9417,91.7,,99.25833,91.40833,93.975,97.74261,55.30186
Denmark,DNK,2014,91.17212,71.175,98.75833,109.4417,95.725,,99.93333,96.33334,93.40833,99.00874,82.86868
Denmark,DNK,2015,100.0,99.975,100.0,100.0,100.0,,100.0,100.0,100.0,100.0,100.0385
Denmark,DNK,2016,107.6559,130.45,105.3083,104.425,104.65,,104.1833,102.4667,108.5917,101.3161,143.1984
Denmark,DNK,2017,107.171,130.325,108.3,104.15,109.025,,106.275,105.675,107.2083,102.0325,140.7374
Denmark,DNK,2018,105.7217,175.225,112.6833,102.675,112.65,,108.4167,109.2417,116.25,103.7068,176.5478
Denmark,DNK,2019,109.1777,158.175,117.575,100.5,114.775,,111.325,112.3333,119.475,104.3482,195.3278
Denmark,DNK,2020,96.28844,153.9,113.2417,98.55,118.175,,105.1917,111.1833,111.925,107.8634,174.7212
Estonia,EST,2000,,19.25,42.80477,89.575,47.65,,45.51213,43.50471,,48.75834,
Estonia,EST,2001,,25.6,47.02942,90.56667,49.5,,49.52913,48.03766,,55.04167,
Estonia,EST,2002,,56.475,51.26239,91.10833,60.8,,53.67947,54.13715,,62.15,
Estonia,EST,2003,74.13285,61.2,56.68694,104.0583,64.5,,59.57996,61.6032,,61.55833,
Estonia,EST,2004,78.0956,169.075,63.26973,106.2333,72.625,,65.77215,70.29414,,68.56667,
Estonia,EST,2005,93.3194,163.75,70.75243,105.1917,88.8,,73.01442,82.52646,,78.575,
Estonia,EST,2006,120.5122,230.2,78.16849,101.2667,112.725,,80.24002,94.64211,,92.35833,
Estonia,EST,2007,146.8783,159.725,82.85143,117.3833,128.05,,85.37378,97.85851,,102.1667,
Estonia,EST,2008,116.787,97.85,79.13507,103.8917,111.225,,81.01508,90.61745,,97.55833,
Estonia,EST,2009,47.25838,37.25,58.96175,91.325,78.075,,61.5718,61.80318,,79.68333,
Estonia,EST,2010,48.91666,46.175,72.63561,120.2833,71.325,,76.048,76.71027,,79.48333,
Estonia,EST,2011,81.10805,50.65,89.05924,117.2583,90.825,,91.19093,89.21757,,83.18333,
Estonia,EST,2012,92.29308,54.3,90.56745,113.625,105.95,,92.18268,88.05099,,87.78333,
Estonia,EST,2013,93.57597,54.55,94.01717,119.6667,105.775,,95.958,92.51729,,89.125,
Estonia,EST,2014,100.4229,70.525,98.60845,114.0333,103.625,,99.70831,96.44196,,95.5,
Estonia,EST,2015,100.0,100.0,100.0,100.0,100.0,,100.0,100.0,,100.0,
Estonia,EST,2016,106.5713,107.75,103.2914,114.6917,104.6,,103.4086,105.7995,,104.125,
Estonia,EST,2017,121.7238,140.975,106.5161,121.8,127.05,,107.559,116.8069,,105.9167,
Estonia,EST,2018,120.6262,125.1,111.7074,121.8083,142.7,,112.7177,121.3482,,107.0083,
Estonia,EST,2019,126.3375,143.6,122.1232,95.1,150.95,,120.4934,129.1309,,111.6833,
Estonia,EST,2020,89.09056,158.075,118.4901,88.86667,141.825,,116.8764,130.2308,,115.6,
Euro area (19 countries),EA19,2000,121.8616,269.0224,93.61613,,117.1083,,95.24207,103.5586,84.475,91.79166,
Euro area (19 countries),EA19,2001,120.8943,242.9202,93.99117,,117.575,,95.74202,102.7419,85.4,94.05,
Euro area (19 countries),EA19,2002,115.5142,243.9287,93.42445,,117.2417,,95.40038,102.2919,83.725,94.94167,
Euro area (19 countries),EA19,2003,113.7419,272.0143,93.44112,,117.6417,,95.69202,102.7752,83.61667,95.43333,
Euro area (19 countries),EA19,2004,116.5192,300.325,95.48296,,117.4417,,97.77518,105.4171,86.2,96.80833,
Euro area (19 countries),EA19,2005,117.3067,329.0941,97.22477,,119.4333,,99.40839,106.4505,89.01667,98.625,
Euro area (19 countries),EA19,2006,120.8312,374.3812,101.6251,,124.1833,,103.458,111.8176,94.15833,100.875,
Euro area (19 countries),EA19,2007,120.0454,325.1854,105.9505,,127.775,,107.3577,116.1513,100.2583,102.3833,
Euro area (19 countries),EA19,2008,111.0856,188.374,103.9503,,124.4,,105.4662,112.1093,99.80833,101.3417,
Euro area (19 countries),EA19,2009,114.5601,126.5855,87.54063,,115.7333,,89.90084,90.3492,78.98333,98.66666,
Euro area (19 countries),EA19,2010,105.2345,121.4268,94.24119,,109.6917,,96.37531,99.04159,85.94167,99.2,
Euro area (19 countries),EA19,2011,103.8394,119.835,98.60822,,108.5417,,99.66669,103.0503,92.975,98.49167,
Euro area (19 countries),EA19,2012,92.25442,106.0088,96.06634,,102.6833,,97.23357,98.59155,92.10833,96.86667,
Euro area (19 countries),EA19,2013,86.96264,92.84107,95.28294,,100.2083,,96.48363,97.69147,91.51667,96.175,
Euro area (19 countries),EA19,2014,91.19822,93.36611,97.21644,,100.7083,,97.50021,98.67489,93.48333,97.325,
Euro area (19 countries),EA19,2015,100.0,100.0,100.0,,100.0,,100.0,100.0,100.0,100.0,
Euro area (19 countries),EA19,2016,107.0954,119.1016,101.7918,,102.6,,101.6249,101.8335,101.7667,101.625,
Euro area (19 countries),EA19,2017,112.4405,126.6105,104.9337,,105.7667,,104.5163,105.3004,105.5417,104.175,
Euro area (19 countries),EA19,2018,113.7787,134.9779,106.0838,,107.1917,,105.3496,105.9755,106.9917,105.9333,
Euro area (19 countries),EA19,2019,115.4344,132.6777,105.4588,,109.4333,,104.6079,103.2919,106.975,108.4583,
Euro area (19 countries),EA19,2020,87.51041,118.3932,96.83307,,103.675,,96.55862,95.89966,94.99167,107.6,
European Union – 27 countries (from 01/02/2020),EU27_2020,2000,,262.0095,90.09415,,113.4083,,91.85833,98.78343,81.12657,87.5323,
European Union – 27 countries (from 01/02/2020),EU27_2020,2001,,245.5386,90.54403,,113.7417,,92.40833,98.0335,81.96817,89.74915,
European Union – 27 countries (from 01/02/2020),EU27_2020,2002,,252.112,90.17745,,113.2,,92.225,97.72519,80.62662,90.80756,
European Union – 27 countries (from 01/02/2020),EU27_2020,2003,109.5171,280.4299,90.54403,,112.45,,92.89167,98.42513,80.98492,91.70764,
European Union – 27 countries (from 01/02/2020),EU27_2020,2004,111.1825,313.5716,92.88511,,112.3,,95.28333,101.4665,84.018,93.44112,
European Union – 27 countries (from 01/02/2020),EU27_2020,2005,112.3424,340.4649,94.84296,,113.425,,97.075,102.7248,87.00108,95.5163,
European Union – 27 countries (from 01/02/2020),EU27_2020,2006,118.2243,364.7838,99.64175,,118.6,,101.4667,108.1743,92.84226,98.39153,
European Union – 27 countries (from 01/02/2020),EU27_2020,2007,118.7689,327.868,104.2989,,123.1583,,105.6667,112.8156,99.39172,100.4917,
European Union – 27 countries (from 01/02/2020),EU27_2020,2008,109.2732,214.1965,102.3327,,120.6833,,103.8,108.9243,99.07508,100.0667,
European Union – 27 countries (from 01/02/2020),EU27_2020,2009,109.5888,148.9628,86.42839,,112.6167,,88.85,88.35931,78.52679,97.48312,
European Union – 27 countries (from 01/02/2020),EU27_2020,2010,102.0459,131.892,93.1767,,106.9333,,95.275,97.05858,85.61787,98.00817,
European Union – 27 countries (from 01/02/2020),EU27_2020,2011,101.4687,128.018,97.60893,,106.7,,98.71667,101.4332,92.63395,97.35812,
European Union – 27 countries (from 01/02/2020),EU27_2020,2012,90.04031,109.6226,95.48446,,101.6083,,96.73333,97.53354,91.73402,95.94133,
European Union – 27 countries (from 01/02/2020),EU27_2020,2013,86.87911,94.22644,94.90128,,99.025,,96.075,96.8086,91.22573,95.57463,
European Union – 27 countries (from 01/02/2020),EU27_2020,2014,90.92484,92.97675,96.96742,,99.9,,97.3,98.25014,93.41721,96.90807,
European Union – 27 countries (from 01/02/2020),EU27_2020,2015,100.0,100.0,100.0,,100.0,,100.0,100.0,100.0,100.0,
European Union – 27 countries (from 01/02/2020),EU27_2020,2016,107.736,117.1457,101.9912,,101.725,,101.7583,101.9415,101.9665,102.1335,
European Union – 27 countries (from 01/02/2020),EU27_2020,2017,113.8627,128.9678,105.5736,,105.6833,,105.0583,106.1328,106.1995,105.0754,
European Union – 27 countries (from 01/02/2020),EU27_2020,2018,115.6358,135.4162,107.2648,,108.3417,,106.425,107.3411,108.441,107.2756,
European Union – 27 countries (from 01/02/2020),EU27_2020,2019,,135.2912,107.0649,,111.025,,106.15,105.2162,108.4993,110.2009,
European Union – 27 countries (from 01/02/2020),EU27_2020,2020,,123.2192,99.12522,,106.2083,,98.7,98.89176,96.96692,109.5925,
Finland,FIN,2000,123.6933,109.1591,97.31667,100.7333,65.20544,,99.85,107.4333,86.25833,70.17003,
Finland,FIN,2001,100.5587,89.73248,97.35,107.0833,65.35545,,99.90833,106.7833,87.1,74.05401,
Finland,FIN,2002,107.5482,93.69948,99.35833,108.3583,66.36386,,101.2833,108.2167,90.425,76.72945,
Finland,FIN,2003,135.4576,108.1007,99.6,113.3,69.32244,,101.2583,110.6083,89.19167,80.39674,
Finland,FIN,2004,131.0807,104.7504,106.2333,115.0583,72.69772,,106.6333,115.4583,98.45,84.48074,
Finland,FIN,2005,136.1524,111.7093,107.3667,101.4667,75.74798,,105.6333,114.1833,104.3917,88.49809,
Finland,FIN,2006,133.8908,110.3759,116.6417,117.8083,81.07343,,116.2667,124.6,115.7917,92.5821,
Finland,FIN,2007,115.4356,98.54154,123.4917,116.125,89.88249,,121.7,124.7083,130.8333,97.4079,
Finland,FIN,2008,128.3486,78.70656,125.8417,106.8417,93.6078,,123.075,119.5333,141.7833,98.59143,
Finland,FIN,2009,83.23378,83.85699,100.2667,106.2,81.69014,,100.8917,95.50833,107.975,95.93266,
Finland,FIN,2010,102.9121,105.8422,105.2583,118.2917,91.10759,,106.625,105.3917,107.825,97.99133,
Finland,FIN,2011,115.907,105.8838,108.4333,107.7333,98.4082,,108.4,107.8667,112.4333,100.6501,
Finland,FIN,2012,102.2404,98.50821,106.475,102.8167,96.68306,,106.0667,103.15,113.0833,101.7253,
Finland,FIN,2013,95.06984,84.007,102.4333,103.975,93.74948,,102.7833,100.6917,106.1333,100.7085,
Finland,FIN,2014,97.62452,91.36594,100.9083,99.09167,94.29952,,100.925,100.625,101.3583,99.54159,
Finland,FIN,2015,100.0,100.0167,100.0,100.0,100.0,,100.0,100.0333,100.0,100.0,
Finland,FIN,2016,109.3549,125.1271,104.5,99.95834,105.8838,,104.15,102.4,108.3917,101.9837,
Finland,FIN,2017,108.9754,146.0288,108.5333,98.0,110.6342,,107.5,106.7917,113.65,104.6091,
Finland,FIN,2018,110.7379,133.9445,111.8917,101.6333,112.9594,,111.2333,109.2083,119.55,106.5178,
Finland,FIN,2019,104.9467,119.5766,114.6083,99.45,112.8261,,113.0167,106.775,130.7333,109.0598,
Finland,FIN,2020,88.6032,127.5606,111.05,97.825,113.9012,,109.6333,103.3417,129.0917,113.8023,
France,FRA,2000,113.1294,96.98067,110.4224,96.53419,107.7933,,108.6191,122.8717,104.3159,68.13599,
France,FRA,2001,119.5362,93.73918,111.4749,99.33167,111.8167,,109.9066,122.0642,106.4959,72.18565,
France,FRA,2002,113.7225,92.98478,109.9799,99.93,111.2967,,108.6449,119.7167,105.125,73.95217,
France,FRA,2003,106.5216,102.0688,108.4133,102.0883,111.0708,,107.7124,117.7025,103.53,74.74377,
France,FRA,2004,106.7582,123.274,110.9099,104.2891,112.0492,,110.1474,120.8383,107.4001,76.86859,
France,FRA,2005,109.6253,136.6411,110.8241,105.045,115.705,,110.0374,120.2667,109.6259,78.86843,
France,FRA,2006,106.0605,149.5451,111.8441,104.2891,118.7667,,110.7941,121.6867,111.8743,81.21823,
France,FRA,2007,109.4532,141.3538,113.4257,103.8583,123.8725,,112.0016,123.8183,114.5151,84.30131,
France,FRA,2008,108.6972,117.7376,109.7874,105.11,121.5142,,109.0424,117.7192,112.4943,85.29289,
France,FRA,2009,120.2752,94.05013,94.83088,99.08917,114.5958,,95.39254,96.40166,93.80328,85.66786,
France,FRA,2010,117.1746,117.7015,99.29334,105.1575,111.6067,,99.9375,102.67,99.32999,88.56762,
France,FRA,2011,114.5632,128.6281,102.7775,100.2875,109.7983,,102.3825,107.1575,103.2925,91.68403,
France,FRA,2012,98.45088,119.6914,99.46667,101.3442,104.0925,,99.80334,100.6042,100.7925,93.30056,
France,FRA,2013,93.14602,105.3127,98.83834,102.8466,104.9333,,99.49084,99.70667,98.96583,94.91709,
France,FRA,2014,93.61807,93.90467,98.54251,97.45419,102.0658,,98.37334,99.11166,99.43166,96.46696,
France,FRA,2015,100.0,100.0,100.0,99.99834,100.0017,,100.0,100.0,100.0,100.0,
France,FRA,2016,105.2083,114.6656,100.4825,100.75,99.34834,,100.4767,100.5242,101.2258,103.433,
France,FRA,2017,110.2468,122.0819,102.8725,99.92333,102.6142,,102.45,103.3075,104.3034,106.8244,
France,FRA,2018,113.3818,115.3369,103.77,100.6242,102.06,,103.2508,102.335,106.9551,109.7908,
France,FRA,2019,115.2487,111.7843,104.435,99.94,102.5567,,103.6808,,,112.7573,
France,FRA,2020,86.47807,97.01672,92.68839,93.92422,89.17667,,92.92506,,,110.6408,
G7,G-7,2000,117.1069,,,,,,95.80853,,,86.42515,
G7,G-7,2001,116.3832,,,,,,93.46274,,,87.36472,
G7,G-7,2002,114.9705,,,,,,93.27615,,,87.99994,
G7,G-7,2003,110.8279,,,,,,94.5995,,,89.1071,
G7,G-7,2004,111.1078,,,,,,97.04548,,,91.36649,
G7,G-7,2005,112.5424,,,,,,99.21571,,,93.53512,
G7,G-7,2006,112.2591,,,,,,102.2649,,,95.07157,
G7,G-7,2007,110.346,,,,,,104.9227,,,95.71238,
G7,G-7,2008,101.6261,,,,,,101.9882,,,92.88014,
G7,G-7,2009,98.30956,,,,,,87.64056,,,88.89512,
G7,G-7,2010,93.6383,,,,,,94.46821,,,91.6508,
G7,G-7,2011,92.45164,,,,,,96.50751,,,93.8514,
G7,G-7,2012,91.93996,,,,,,97.27524,,,95.49017,
G7,G-7,2013,91.91168,,,,,,98.15971,,,97.26188,
G7,G-7,2014,93.83377,,,,,,100.4069,,,98.91466,
G7,G-7,2015,96.12039,,,,,,100.0,,,100.0,
G7,G-7,2016,97.24966,,,,,,99.39303,,,101.3619,
G7,G-7,2017,96.29205,,,,,,101.5301,,,103.7112,
G7,G-7,2018,92.67397,,,,,,103.8671,,,105.2391,
G7,G-7,2019,,,,,,,102.7221,,,106.5435,
G7,G-7,2020,,,,,,,94.47037,,,107.0181,
Germany,DEU,2000,105.2222,120.9215,81.15363,100.2167,98.39713,,80.4067,82.40833,72.64167,96.78307,
Germany,DEU,2001,103.8998,102.1746,81.18697,98.33334,90.79119,,80.46504,81.50833,74.00833,96.96642,
Germany,DEU,2002,101.5029,96.86719,80.22005,98.575,87.26598,,79.47329,80.85833,73.08334,94.52454,
Germany,DEU,2003,100.8988,104.7242,80.41177,102.1667,83.41843,,79.68997,81.15833,73.85833,93.52446,
Germany,DEU,2004,101.3137,92.60957,83.92098,105.1167,79.8658,,83.15693,85.18333,77.64167,95.40795,
Germany,DEU,2005,103.4916,83.10281,86.69667,104.9167,75.47643,,85.93216,87.33334,81.125,96.54971,
Germany,DEU,2006,108.3897,85.76904,91.58956,106.4083,79.38571,,90.87424,93.46667,85.94167,96.83307,
Germany,DEU,2007,97.9626,62.27295,97.54939,102.65,81.64897,,96.86641,99.725,92.85,95.58296,
Germany,DEU,2008,96.18469,58.38194,98.30791,100.975,82.20451,,97.74148,99.98333,95.06667,95.63297,
Germany,DEU,2009,117.7029,60.09832,81.36201,96.06667,81.85473,,80.78173,81.65,74.83334,92.63272,
Germany,DEU,2010,90.86369,63.99767,90.9144,100.3083,82.34853,,90.45753,93.96667,84.71667,93.94949,
Germany,DEU,2011,99.55512,77.52875,98.46629,95.05833,92.09101,,98.15818,100.8917,95.18333,94.94958,
Germany,DEU,2012,95.96558,80.51158,97.366,98.01667,92.69106,,97.06642,98.21667,95.9,95.07459,
Germany,DEU,2013,92.11958,90.51825,97.14928,98.31667,94.8079,,97.04142,97.775,96.08334,95.18293,
Germany,DEU,2014,94.84663,93.7927,99.03309,93.925,99.86665,,98.96658,99.5,98.35833,96.29136,
Germany,DEU,2015,100.0,100.0,100.0,100.0,100.0,,100.0,100.0,100.0,100.0,
Germany,DEU,2016,104.501,115.4141,101.0586,99.65833,103.6003,,101.1334,101.1833,100.8917,102.5669,
Germany,DEU,2017,107.6552,113.731,103.7176,99.96667,108.9591,,103.842,104.675,103.3083,105.5505,
Germany,DEU,2018,107.48,116.164,104.8262,99.28333,117.3598,,105.0504,105.275,104.3,107.409,
Germany,DEU,2019,,119.4468,101.442,92.94167,124.2687,,101.7585,101.5,102.05,110.8509,
Germany,DEU,2020,,121.863,92.45644,86.88333,131.0026,,92.69106,95.325,88.775,116.1347,
Greece,GRC,2000,382.8584,1342.8,142.8048,124.825,437.8655,,140.1417,157.8667,355.7797,120.7417,
Greece,GRC,2001,369.6559,1655.883,136.4303,123.7167,466.9333,,135.425,154.4833,303.9087,124.8417,
Greece,GRC,2002,354.1884,2003.725,135.1137,125.525,649.0877,,135.6333,156.9167,277.6898,131.4833,
Greece,GRC,2003,339.4188,1993.575,134.0388,133.9667,612.2219,,136.4333,157.1083,285.0237,138.1167,
Greece,GRC,2004,382.1579,1894.575,135.0971,135.025,514.1714,,137.25,158.2333,282.2569,143.9083,
Greece,GRC,2005,355.8229,3184.042,132.8723,135.7833,315.7211,,135.05,154.7167,257.7881,150.8,
Greece,GRC,2006,353.1067,1931.7,135.4804,133.4417,326.0185,,136.2167,158.5833,260.7884,164.025,
Greece,GRC,2007,369.0373,1567.55,138.4468,138.1833,372.9318,,139.2917,159.7,256.6631,167.4667,
Greece,GRC,2008,352.6133,1205.292,132.0057,134.2833,401.4247,,133.3667,148.9833,237.6615,169.6833,
Greece,GRC,2009,289.866,896.5333,117.2152,128.575,333.0168,,120.5,121.575,184.2487,150.375,
Greece,GRC,2010,186.6669,749.4333,111.2907,116.7667,234.3914,,113.1833,120.425,143.587,140.8333,
Greece,GRC,2011,128.8586,410.0917,101.1832,121.45,138.0155,,106.6,108.8917,124.2604,126.5583,
Greece,GRC,2012,77.145,224.9417,97.61687,123.6083,91.70207,,104.4167,99.31667,100.3917,111.025,
Greece,GRC,2013,77.43127,128.8167,96.55862,115.1083,84.25394,,101.0,95.48333,99.89165,102.2917,
Greece,GRC,2014,93.95547,104.625,98.25014,99.38333,97.50063,,99.03333,98.04166,97.74148,101.525,
Greece,GRC,2015,100.0,100.0,100.0,100.0,100.0,,100.0,100.0,100.0,100.0,
Greece,GRC,2016,104.0486,103.45,103.1914,101.7917,106.4484,,102.7167,103.825,97.72481,99.53333,
Greece,GRC,2017,116.2406,123.8583,106.1912,109.55,86.60335,,106.9333,109.4583,99.81665,100.6583,
Greece,GRC,2018,136.4519,175.9333,109.1242,108.075,74.65633,,108.825,110.7333,105.5921,102.0583,
Greece,GRC,2019,150.533,234.45,110.1825,101.7333,70.10748,,107.9417,109.825,111.9427,102.85,
Greece,GRC,2020,106.7305,277.975,108.5076,97.45834,63.45914,,105.7667,109.1583,112.2427,98.46667,
Hungary,HUN,2000,,336.9886,54.15833,110.0675,82.89167,,58.12984,71.39167,34.48044,71.51429,
Hungary,HUN,2001,,366.7861,56.41667,110.1925,90.50833,,60.58838,77.71667,35.06799,74.09784,
Hungary,HUN,2002,,374.4938,58.625,113.0594,106.575,,62.46354,80.86667,36.45291,80.49837,
Hungary,HUN,2003,270.0833,444.9379,63.10833,116.2097,109.7833,,66.48054,77.175,43.58738,86.87391,
Hungary,HUN,2004,268.3067,451.979,68.58334,114.1345,114.4417,,71.16426,84.2,48.03592,91.54929,
Hungary,HUN,2005,257.8456,407.591,73.80833,112.2844,132.6083,,76.13968,88.81667,54.46534,96.20802,
Hungary,HUN,2006,243.195,352.7373,81.9,112.5594,131.5417,,84.18201,93.66666,65.18382,100.7417,
Hungary,HUN,2007,222.4424,351.954,88.75,116.9181,112.725,,91.17426,96.41666,75.06295,98.74989,
Hungary,HUN,2008,198.6212,350.5374,88.24167,122.3435,107.0417,,90.54088,96.275,75.54138,97.16643,
Hungary,HUN,2009,77.99432,230.8724,72.0,108.2674,102.3917,,74.4062,75.13333,57.57932,91.94099,
Hungary,HUN,2010,56.33723,141.8465,80.525,109.3508,91.71667,,82.16518,84.84167,66.62749,90.02417,
Hungary,HUN,2011,58.43387,96.26698,85.4,107.5173,84.4,,86.7739,87.2,75.67567,90.23252,
Hungary,HUN,2012,68.7551,81.25156,83.99167,103.842,78.825,,85.73215,86.40833,76.9347,88.29069,
Hungary,HUN,2013,72.74624,59.24506,85.19167,98.82491,85.475,,86.88224,87.54166,81.76096,89.91582,
Hungary,HUN,2014,87.43699,77.34355,92.61667,94.23285,97.05,,93.1661,92.83334,91.56454,94.56622,
Hungary,HUN,2015,100.0,100.0,100.0,100.0,100.0,,99.6833,100.0,100.0,100.0,
Hungary,HUN,2016,125.082,257.0786,101.425,100.7251,81.14167,,100.475,106.3833,99.16904,104.8171,
Hungary,HUN,2017,150.6589,312.3073,106.075,100.9667,105.1583,,105.7421,113.375,103.6092,110.7342,
Hungary,HUN,2018,176.9706,302.3915,109.8,97.69147,127.5333,,109.9008,123.7667,103.9785,118.1348,
Hungary,HUN,2019,204.5989,291.0841,116.0083,99.59163,153.8667,,115.843,128.9333,111.7257,125.5355,
Hungary,HUN,2020,165.8784,180.2516,109.15,100.8667,138.8417,,107.7673,131.925,94.85479,125.4105,
Iceland,ISL,2000,,,29.44048,,41.57744,,29.44048,,,79.81224,
Iceland,ISL,2001,,,34.76995,,46.76003,,34.76995,,,75.12366,
Iceland,ISL,2002,,,36.36345,,40.36514,,36.36345,,,74.46426,
Iceland,ISL,2003,,,35.17916,,49.44479,,35.17916,,,79.27225,
Iceland,ISL,2004,,,38.35827,,61.75312,,38.35827,,,87.14885,
Iceland,ISL,2005,,,43.11664,,81.66138,,43.11664,,,98.51982,
Iceland,ISL,2006,,,50.37931,,118.5618,,50.37931,,,106.3575,
Iceland,ISL,2007,,,50.68436,,137.3226,,50.68436,,,114.717,
Iceland,ISL,2008,,,68.70467,,136.4561,,68.70467,,,104.2131,
Iceland,ISL,2009,,,71.25371,,79.98581,,71.25371,,,80.42233,
Iceland,ISL,2010,,,80.41565,,64.26878,,80.41565,,,78.03144,
Iceland,ISL,2011,,,90.15668,,61.04913,,90.15668,,,79.42254,
Iceland,ISL,2012,,,94.18347,,63.21714,,94.18347,,,82.8734,
Iceland,ISL,2013,,,90.39614,,72.64738,,90.39614,,,84.49213,
Iceland,ISL,2014,,,91.3866,,84.32729,,91.3866,,,90.06099,
Iceland,ISL,2015,,,100.0,,100.0,,100.0,,,100.0,
Iceland,ISL,2016,,,90.99091,,137.9539,,90.99091,,,112.3148,
Iceland,ISL,2017,,,91.7965,,165.94,,91.7965,,,122.5326,
Iceland,ISL,2018,,,,,183.7075,,,,,,
Iceland,ISL,2019,,,,,189.5797,,,,,,
Iceland,ISL,2020,,,,,177.9928,,,,,,
India,IND,2000,,,37.93723,,,,42.91734,51.44386,27.91372,,
India,IND,2001,,,39.13319,,,,44.07931,52.72123,26.83486,,
India,IND,2002,23.48851,,41.13032,,,,46.23693,53.86164,28.9917,,
India,IND,2003,29.43375,,44.05316,,,,49.26824,57.45157,31.91096,,
India,IND,2004,37.69044,,49.11012,,,,54.60796,63.35143,39.42788,,
India,IND,2005,39.77955,,54.81898,,,,57.84565,64.63721,45.88461,,
India,IND,2006,47.38448,,62.7303,,,,64.17902,71.68895,55.63966,,
India,IND,2007,53.74174,,74.33508,,,,74.2214,77.42249,78.93925,,
India,IND,2008,59.23092,,80.55978,,,,79.91372,79.58318,100.491,,
India,IND,2009,72.04399,,80.01659,,,,80.07885,81.19791,90.55499,,
India,IND,2010,89.85403,,88.40118,,,,87.87891,88.45877,110.4588,,
India,IND,2011,95.33095,,93.00868,,,,92.09322,89.21046,109.5496,,
India,IND,2012,98.94367,,92.00008,,,,91.87247,89.60263,103.4322,,
India,IND,2013,92.17538,,93.97626,,,,93.31222,92.60011,100.8777,,
India,IND,2014,93.69988,,97.81699,,,,97.52522,98.95658,98.48556,,
India,IND,2015,99.91382,,100.0177,,,,100.0,100.0197,100.0,,
India,IND,2016,103.0667,,104.7526,,,,105.2073,103.7168,103.8806,,
India,IND,2017,107.3378,,108.4789,,,,108.9342,105.8416,106.6729,,
India,IND,2018,108.7181,,114.3386,,,,114.5467,107.0689,114.598,,
India,IND,2019,90.06368,,115.1112,,,,115.3053,,,,
India,IND,2020,,,99.45304,,,,102.6589,,,,
Indonesia,IDN,2000,,,58.9402,,,,,,,,
Indonesia,IDN,2001,,,61.45742,,,,,,,,
Indonesia,IDN,2002,,,63.46432,,,,,,,,
Indonesia,IDN,2003,,,66.93095,,,,,,,,
Indonesia,IDN,2004,,,69.15642,,,,,,,,
Indonesia,IDN,2005,,,70.04985,,,,,,,,
Indonesia,IDN,2006,,,68.91035,,,,,,,,
Indonesia,IDN,2007,,,72.70361,,,,,,,,
Indonesia,IDN,2008,,,74.94234,,,,,,,,
Indonesia,IDN,2009,,,76.04353,,,,,,,,
Indonesia,IDN,2010,,,79.3083,,,,,,,,
Indonesia,IDN,2011,,,82.55599,,,,,,,,
Indonesia,IDN,2012,,,85.95438,,,,,,,,
Indonesia,IDN,2013,,,91.11674,,,,,,,,
Indonesia,IDN,2014,,,95.4556,,,,,,,,
Indonesia,IDN,2015,,,100.0,,,,,,,,
Indonesia,IDN,2016,,,104.0137,,,,,,,,
Indonesia,IDN,2017,,,108.9401,,,,,,,,
Indonesia,IDN,2018,,,113.3457,,,,,,,,
Indonesia,IDN,2019,,,117.8918,,,,,,,,
Indonesia,IDN,2020,,,105.9673,,,,,,,,
Ireland,IRL,2000,186.0036,720.2732,40.38387,,218.5046,,42.86366,102.705,60.0219,85.50237,
Ireland,IRL,2001,132.861,592.478,44.98611,,225.9315,,47.58811,113.5119,63.9446,85.80918,
Ireland,IRL,2002,124.2548,498.0976,48.81905,,230.6077,,51.47744,124.0424,59.5147,85.3882,
Ireland,IRL,2003,118.0679,483.9512,51.56591,,243.6609,,54.38846,125.2929,68.39376,85.88767,
Ireland,IRL,2004,123.6042,678.7902,52.1361,,305.6014,,55.06134,116.5131,72.66957,88.59908,
Ireland,IRL,2005,137.3735,738.0488,54.27205,,335.809,,57.24699,117.0067,77.07379,93.22276,
Ireland,IRL,2006,143.221,585.4439,56.07312,,348.9372,,58.99361,121.548,81.02859,100.0983,
Ireland,IRL,2007,149.2478,612.9561,59.18653,,301.9755,,62.08598,125.2073,86.02988,106.9582,
Ireland,IRL,2008,120.9396,466.4,57.6434,,213.7034,,60.74022,115.3679,89.95901,100.4816,
Ireland,IRL,2009,44.94427,261.6,55.26761,,134.8087,,58.02963,87.19889,70.34548,86.55058,
Ireland,IRL,2010,70.10734,113.2098,60.31666,98.78343,94.74869,,62.95772,78.9588,72.70524,87.82558,
Ireland,IRL,2011,71.77937,88.76098,60.382,95.65036,78.91973,,62.68492,78.97196,71.9903,87.05119,
Ireland,IRL,2012,62.96425,52.57561,59.62805,93.32555,76.99425,,61.76686,78.61656,77.67949,86.24553,
Ireland,IRL,2013,58.91173,58.5561,58.14526,87.5927,85.72143,,60.3924,77.82677,78.0309,86.90257,
Ireland,IRL,2014,76.26208,64.64391,70.96255,101.0999,92.74818,,73.02486,71.38344,89.68192,92.42492,
Ireland,IRL,2015,100.0,100.0,100.0,100.0,100.0,,100.0,100.0,100.0,100.2,
Ireland,IRL,2016,117.1918,120.1756,104.7746,111.849,109.9025,,104.9325,111.9916,,107.7083,
Ireland,IRL,2017,104.9005,150.6341,102.1998,109.3909,124.181,,102.3079,120.0474,,111.825,
Ireland,IRL,2018,100.0388,194.7707,97.91684,90.76743,136.9843,,97.25046,,,115.9333,
Ireland,IRL,2019,93.55544,294.875,103.9747,114.5488,144.8112,,104.0493,,,118.3917,
Ireland,IRL,2020,69.61357,324.85,117.2319,148.6626,131.5329,,119.1885,,,115.2583,
Israel,ISR,2000,,78.17109,70.11761,,69.07452,,70.11761,,,62.23562,
Israel,ISR,2001,,60.89002,66.64541,,65.86122,,66.64541,,,63.9768,
Israel,ISR,2002,,61.54514,65.39123,,66.62115,,65.39123,,,63.84678,
Israel,ISR,2003,,54.22661,65.18801,,64.67793,,65.18801,,,62.34869,
Israel,ISR,2004,49.65309,51.15913,69.71117,,60.99066,,69.71117,,,67.21014,
Israel,ISR,2005,51.77285,57.30134,73.25527,,61.23945,,73.25527,,,68.78484,
Israel,ISR,2006,53.21379,55.1351,79.89071,,62.05283,,79.89071,,,73.06299,
Israel,ISR,2007,70.58921,56.38924,84.28571,,64.80123,,84.28571,,,77.42475,
Israel,ISR,2008,73.04185,60.0304,90.1249,,68.70193,,90.1249,,,78.00307,
Israel,ISR,2009,68.09353,60.58237,84.879,,70.78857,,84.879,,,76.17754,
Israel,ISR,2010,84.11093,78.43893,91.63154,,79.65498,,91.63154,,,81.08278,
Israel,ISR,2011,86.49881,90.96404,93.66901,,87.59627,,93.66901,,,83.59811,
Israel,ISR,2012,79.68977,82.2665,98.09524,,93.09407,,98.09524,,,88.41973,
Israel,ISR,2013,82.74738,90.65277,97.08821,,99.23605,,97.08821,,,90.48913,
Israel,ISR,2014,94.50199,85.77194,97.63466,,100.3635,,97.63466,,,94.76031,
Israel,ISR,2015,100.0,100.0,100.0,,100.0,,100.0,,,100.0,
Israel,ISR,2016,111.5062,97.81928,99.71897,,103.8756,,99.71897,,,106.0619,
Israel,ISR,2017,110.4993,102.2422,101.4754,,108.5938,,101.4754,,,112.6603,
Israel,ISR,2018,104.7769,94.02248,103.9891,,,,103.9891,,,117.5725,
Israel,ISR,2019,102.0542,103.3769,108.064,,,,108.064,,,122.3174,
Israel,ISR,2020,86.92056,97.86814,110.7962,,,,110.7962,,,126.519,
Italy,ITA,2000,152.9806,,129.2726,104.5496,132.1833,110.0833,127.6644,146.3744,123.5647,107.4917,
Italy,ITA,2001,151.7611,,128.281,105.2579,140.6833,109.625,125.3646,143.7656,122.7481,109.575,
Italy,ITA,2002,146.1089,,125.7645,106.6328,148.0333,114.2417,123.4897,140.3984,120.3816,111.225,
Italy,ITA,2003,141.6936,,123.5397,112.0823,151.5917,119.1583,122.7064,139.4733,114.7654,111.0583,
Italy,ITA,2004,142.0431,,124.4146,116.282,156.3167,122.125,122.4815,141.1902,115.1321,109.275,
Italy,ITA,2005,142.6015,,121.3482,118.9901,156.0167,126.85,121.7149,138.1647,112.0157,108.775,
Italy,ITA,2006,147.0932,,125.3396,121.5232,161.075,126.5833,126.1312,141.3652,118.8068,109.7,
Italy,ITA,2007,157.5388,,128.9143,121.1566,172.9417,124.7583,129.0642,144.274,125.5395,109.5583,
Italy,ITA,2008,134.8515,,124.6646,121.9898,171.9417,122.675,123.748,136.0727,122.2565,106.7917,
Italy,ITA,2009,137.1416,,100.575,111.0074,152.3583,111.5333,100.7499,102.1003,91.96734,105.3583,
Italy,ITA,2010,122.5071,,107.8827,113.7655,147.2333,114.3,107.791,111.3686,102.3415,105.7083,
Italy,ITA,2011,110.6592,,108.6409,111.3074,139.5083,111.925,108.6409,111.977,106.4911,103.8,
Italy,ITA,2012,88.50005,,101.6332,108.191,121.3417,109.0667,102.3998,102.1587,100.2916,100.2,
Italy,ITA,2013,82.7624,,98.70011,103.4247,108.9,103.0667,99.25839,100.8001,95.5837,97.825,
Italy,ITA,2014,86.35918,,98.17516,97.85018,101.05,97.61667,98.62511,100.2084,95.53371,98.26667,
Italy,ITA,2015,100.0,,100.0,100.0,100.0,100.0,99.64169,100.0,100.0,100.0,
Italy,ITA,2016,115.1018,,101.5332,101.3915,99.29166,99.425,101.6915,101.9003,102.7164,100.1583,
Italy,ITA,2017,125.0135,,104.8329,103.858,99.96667,101.5667,105.4829,104.7008,107.641,99.875,
Italy,ITA,2018,121.3633,,106.9744,102.0082,101.775,99.94167,106.3911,105.0842,111.5407,99.59167,
Italy,ITA,2019,,,105.5579,103.6914,104.9167,100.35,105.1579,,,100.3333,
Italy,ITA,2020,,,93.10891,99.63336,97.35833,95.43333,93.58387,,,92.86667,
Japan,JPN,2000,110.1358,,107.5839,,33.39281,98.26827,106.0525,96.89215,114.5296,98.89996,135.2518
Japan,JPN,2001,111.5364,,100.2406,,32.27441,98.51398,99.62135,88.09992,106.4464,97.70214,129.0948
Japan,JPN,2002,115.8889,,99.02126,,30.79994,99.23474,98.45204,90.48973,97.71427,95.32621,126.5828
Japan,JPN,2003,117.146,,102.6872,,29.41751,101.1328,102.2936,97.25882,98.05783,95.72969,127.5799
Japan,JPN,2004,125.571,,107.6043,,28.44617,104.4821,107.1211,102.0941,111.4241,96.67883,130.7655
Japan,JPN,2005,124.2877,,109.0585,,27.50397,107.4821,108.8602,103.7981,115.7156,98.69067,135.9481
Japan,JPN,2006,115.8865,,113.9302,,27.30931,109.6314,113.2982,108.9102,120.5085,98.53493,141.9105
Japan,JPN,2007,109.1961,,117.1477,,25.36136,111.6016,116.6042,113.1226,123.9996,98.85968,116.6548
Japan,JPN,2008,103.5563,,113.2213,,23.54802,112.524,112.8273,109.5762,115.6095,97.937,120.2596
Japan,JPN,2009,97.62717,,88.46825,,23.12948,104.1933,89.39108,85.52059,77.82681,97.67105,86.70525
Japan,JPN,2010,108.2499,,102.2768,,21.95103,110.7158,102.7771,102.328,94.54732,100.9934,89.42339
Japan,JPN,2011,88.22515,,99.39573,,22.11746,106.1122,99.92881,97.79142,99.47995,100.2933,91.73187
Japan,JPN,2012,111.4686,,,,21.99764,106.6288,100.0571,98.26042,97.20274,102.1348,97.08545
Japan,JPN,2013,106.1981,,99.21673,,23.72754,104.7837,99.45838,98.36275,95.02797,102.7583,107.7781
Japan,JPN,2014,105.7677,,101.1332,,24.17475,103.2503,101.2416,100.2899,101.7335,101.6836,98.12625
Japan,JPN,2015,100.0,,100.0,,25.0,100.0,100.0,100.0,100.0,100.0,100.0
Japan,JPN,2016,103.5869,,99.99167,,26.15443,100.7167,100.225,98.86587,98.92049,99.54465,106.3717
Japan,JPN,2017,108.8196,,103.0747,,26.71619,100.5584,102.8414,103.8714,104.7672,100.9457,106.0862
Japan,JPN,2018,107.0612,,104.1997,,26.53443,101.3418,103.908,,,101.6717,103.637
Japan,JPN,2019,104.341,,101.0916,,26.29039,99.34161,101.1916,,,101.2708,99.54075
Japan,JPN,2020,91.65634,,90.64245,,26.12772,96.68306,90.94242,,,98.02083,89.66688
Korea,KOR,2000,-100.5732,48.2729,49.03904,,79.30415,,49.38474,38.63355,68.57,59.45412,
Korea,KOR,2001,198.4536,55.95882,49.11956,,85.58174,,49.66856,38.20168,69.22158,63.84,
Korea,KOR,2002,43.9957,66.31565,53.0871,,91.44033,,53.65794,41.42295,75.23583,70.57883,
Korea,KOR,2003,-14.65733,72.7703,56.0379,,99.61092,,56.62482,44.90308,75.31192,68.35765,
Korea,KOR,2004,-82.73108,58.78812,62.06543,,102.9106,,62.50989,51.52071,77.00408,69.09177,
Korea,KOR,2005,-91.47002,58.7942,65.99325,,104.6539,,66.46672,56.05167,77.82342,71.95294,
Korea,KOR,2006,-106.2547,62.98031,71.72895,,104.6914,,72.05592,62.61464,84.02275,74.83294,
Korea,KOR,2007,58.64241,76.25383,76.81609,,108.2454,,77.04128,68.19235,91.208,78.72941,
Korea,KOR,2008,499.3093,44.97427,79.36254,,99.44631,,79.63345,70.69164,96.97283,79.59529,
Korea,KOR,2009,-55.34797,49.01474,79.16985,,101.1747,,79.5337,72.01366,93.39967,81.72235,
Korea,KOR,2010,-38.93112,60.17741,92.42919,,97.90498,,92.50669,86.13976,108.8047,87.20941,
Korea,KOR,2011,148.97,66.13303,98.01344,,91.68724,,98.01875,92.73672,115.9958,91.2,
Korea,KOR,2012,-242.3473,69.28894,99.36137,,87.07071,,99.37552,94.89732,115.5421,93.46824,
Korea,KOR,2013,-390.4298,58.74384,100.0391,,95.98952,,100.054,97.49587,108.9046,94.14588,
Korea,KOR,2014,-261.8796,71.25237,100.2626,,95.26375,,100.2775,98.43637,106.4925,96.05647,
Korea,KOR,2015,100.0,100.0,100.0,,100.0,,100.0,100.0,100.0,100.0,
Korea,KOR,2016,5.225011,91.69835,102.2918,,115.8399,,102.1832,105.4671,96.58334,103.8776,
Korea,KOR,2017,181.2328,82.15007,104.6752,,129.061,,104.7666,107.7256,100.2,105.9482,
Korea,KOR,2018,17.37751,67.03075,106.1339,,123.6962,,106.3335,108.9591,96.99167,110.4847,
Korea,KOR,2019,,54.07137,106.6004,,120.838,,106.6833,,,113.0353,
Korea,KOR,2020,,53.8605,106.4177,,118.3614,,106.4088,,,112.9224,
Latvia,LVA,2000,49.92641,,55.18333,79.89502,58.975,,59.33333,44.9925,,53.75,
Latvia,LVA,2001,52.74985,51.53434,61.55,84.99417,62.075,,65.6,50.94151,,56.36666,
Latvia,LVA,2002,56.07235,80.26103,65.90833,89.70171,74.55,,70.11667,54.08265,,62.39167,
Latvia,LVA,2003,63.26145,177.089,71.66666,92.57624,85.9,,75.60833,63.46442,,69.90833,
Latvia,LVA,2004,81.44195,285.4012,76.41666,101.6331,99.2,,81.025,67.78037,,76.54166,
Latvia,LVA,2005,120.5402,464.4203,82.275,104.4743,113.6,,86.8,72.62956,,90.35833,
Latvia,LVA,2006,185.7402,615.0021,87.49167,111.5147,129.525,,92.43333,75.18747,,106.8,
Latvia,LVA,2007,237.9365,648.136,87.75,116.4389,146.025,,93.48333,74.77087,,120.5917,
Latvia,LVA,2008,143.9846,252.4603,84.73333,111.6231,145.075,,90.51667,69.28845,,111.75,
Latvia,LVA,2009,38.96754,151.5791,67.59167,103.6577,82.325,,74.05833,58.5819,,83.13333,
Latvia,LVA,2010,46.21361,128.675,78.775,112.2396,65.825,,85.03333,73.07115,,80.66666,
Latvia,LVA,2011,79.72119,120.475,87.975,113.4061,70.525,,92.725,82.64456,,82.58334,
Latvia,LVA,2012,77.43411,149.25,96.15833,110.065,83.225,,98.44167,89.79337,,88.64167,
Latvia,LVA,2013,77.22356,188.05,96.21667,104.9492,89.625,,97.575,88.54358,,92.04166,
Latvia,LVA,2014,90.40877,112.475,95.89167,100.025,101.025,,96.51667,89.76837,,95.31667,
Latvia,LVA,2015,100.0,100.0,100.0,100.0,100.0,,100.0,100.0,,100.0,
Latvia,LVA,2016,119.8867,116.775,105.6167,106.4989,83.875,,105.3917,105.0908,,102.3417,
Latvia,LVA,2017,121.2372,135.6,114.1,115.2308,97.7,,114.2,112.7395,,106.7,
Latvia,LVA,2018,122.5514,163.775,117.2083,113.0395,121.15,,115.8833,118.1386,,110.75,
Latvia,LVA,2019,132.3967,165.05,119.725,108.007,125.1,,116.9917,118.6719,,113.325,
Latvia,LVA,2020,100.6607,186.425,118.675,100.2583,130.175,,115.3083,122.1713,,115.05,
Lithuania,LTU,2000,,28.325,45.99234,88.01667,48.36291,,50.29586,39.26012,31.73598,54.09167,
Lithuania,LTU,2001,,28.275,51.04149,101.2167,51.81205,,56.28802,37.0105,27.61063,55.05833,
Lithuania,LTU,2002,,31.475,54.51591,103.75,63.05923,,59.64664,46.84219,29.41912,60.61666,
Lithuania,LTU,2003,44.18346,45.225,60.55658,138.5,80.52987,,68.28069,54.78254,37.31144,66.875,
Lithuania,LTU,2004,55.60567,61.125,68.23029,150.775,85.92852,,76.24802,59.32344,45.52879,72.44167,
Lithuania,LTU,2005,61.31092,86.925,74.30428,151.0833,94.57635,,81.64847,69.39677,52.42104,81.15833,
Lithuania,LTU,2006,83.37629,123.275,79.57007,151.3417,115.1962,,86.41553,81.22813,64.88041,90.41666,
Lithuania,LTU,2007,126.5581,142.825,81.83636,154.0,140.8398,,88.73239,94.14264,76.99809,104.5917,
Lithuania,LTU,2008,130.1371,116.1,85.46075,152.4583,146.4634,,91.80765,78.47025,80.52338,106.5583,
Lithuania,LTU,2009,44.01945,56.125,72.35461,143.85,75.80605,,78.80656,63.90602,54.24619,84.35,
Lithuania,LTU,2010,46.68463,61.125,77.91202,142.425,69.85754,,83.74864,73.62939,61.33011,78.575,
Lithuania,LTU,2011,77.51875,53.85,85.8107,122.9333,85.55361,,89.24911,81.56141,70.28919,83.19167,
Lithuania,LTU,2012,71.25703,74.325,90.28495,117.4167,79.58011,,92.75773,87.22713,79.56496,85.98333,
Lithuania,LTU,2013,71.24532,88.825,94.17597,109.25,88.67783,,95.6413,90.65989,90.59922,90.03333,
Lithuania,LTU,2014,84.70595,82.725,94.93418,102.3667,103.5991,,95.78298,96.59223,95.65797,94.85833,
Lithuania,LTU,2015,100.0,100.0,100.0,100.0,100.0,,100.0,100.0,100.0,100.0,
Lithuania,LTU,2016,119.0253,120.875,103.0745,100.0333,90.57735,,102.8502,106.0573,112.401,106.5417,
Lithuania,LTU,2017,151.3355,115.55,110.6149,100.4,99.12522,,109.9675,116.2723,135.6946,111.35,
Lithuania,LTU,2018,189.8723,116.325,117.0888,103.8,112.6468,,116.0763,125.754,152.3294,118.75,
Lithuania,LTU,2019,272.0771,110.2,121.0965,103.0333,121.6946,,119.6433,130.6366,181.8318,125.15,
Lithuania,LTU,2020,235.6607,110.325,119.3468,102.15,119.1952,,118.1015,137.2771,182.3569,128.325,
Luxembourg,LUX,2000,90.15127,74.85739,90.30161,94.96709,95.31705,,91.1924,94.70044,,50.97925,
Luxembourg,LUX,2001,92.1675,62.63712,94.61756,102.4415,99.32506,,95.78368,99.35838,,53.72114,
Luxembourg,LUX,2002,93.39401,64.853,98.62523,116.382,101.2416,,100.475,103.0664,,56.4297,
Luxembourg,LUX,2003,93.86095,73.8043,104.3326,118.5068,102.0998,,105.7662,109.7742,,60.18002,
Luxembourg,LUX,2004,103.7893,85.98069,111.1481,114.5238,100.9749,,111.6657,117.9485,,62.48854,
Luxembourg,LUX,2005,104.3983,102.9399,113.8477,115.6237,99.975,,114.1655,118.3318,,62.48021,
Luxembourg,LUX,2006,109.3904,96.7749,116.1723,123.3147,102.2748,,116.6486,125.9395,,66.70556,
Luxembourg,LUX,2007,110.4555,108.2492,116.2723,119.3901,105.1496,,116.4236,127.0144,,70.01417,
Luxembourg,LUX,2008,112.6654,88.13076,110.4399,113.0989,103.958,,110.6158,118.1318,,71.81432,
Luxembourg,LUX,2009,101.7042,81.02238,91.27645,109.2242,104.0247,,92.8256,98.50012,,73.68114,
Luxembourg,LUX,2010,106.9998,85.38833,99.50008,122.0898,104.1747,,101.1582,104.7413,,80.16502,
Luxembourg,LUX,2011,107.3333,94.86617,101.808,111.6407,105.4745,,102.5998,107.8827,,97.01642,
Luxembourg,LUX,2012,108.4458,94.44932,96.64223,108.5326,101.0499,,97.64186,95.31705,,115.468,
Luxembourg,LUX,2013,100.3249,82.51426,94.1843,98.23348,97.50021,,94.52546,94.91709,,130.0525,
Luxembourg,LUX,2014,107.1439,139.5349,98.47526,100.3916,101.3499,,98.61678,101.6499,,140.5701,
Luxembourg,LUX,2015,100.0,100.0,100.0,100.0,100.0,,100.0,100.0,,100.0,
Luxembourg,LUX,2016,108.7965,106.3186,99.77504,99.96667,103.1414,,99.68336,101.2916,,43.31194,
Luxembourg,LUX,2017,113.5606,110.7503,102.7829,106.0995,105.0996,,103.0414,101.7249,,29.81915,
Luxembourg,LUX,2018,113.6316,119.9649,103.1078,98.21681,109.2409,,101.9498,103.3581,,30.87757,
Luxembourg,LUX,2019,118.3655,123.2119,101.0165,89.80085,110.5408,,98.80843,101.1249,,32.34436,
Luxembourg,LUX,2020,97.23711,110.3554,89.45176,85.61787,100.5,,88.60095,91.09241,,31.71931,
Mexico,MEX,2000,,,85.85968,,79.59064,44.75751,92.47661,,,76.92309,
Mexico,MEX,2001,,,83.4311,,73.49509,45.34466,90.18007,,,73.608,
Mexico,MEX,2002,,,81.42755,,71.90556,45.34221,89.34418,,,74.12419,
Mexico,MEX,2003,,,80.88012,,74.26373,46.24402,90.77941,,,75.65498,
Mexico,MEX,2004,,,83.58907,,79.41138,54.06331,94.34547,,,82.09014,
Mexico,MEX,2005,,,85.40414,,82.25636,59.74342,96.78337,,,85.04868,
Mexico,MEX,2006,,,89.38947,,89.33503,68.5537,101.0021,,,87.0527,
Mexico,MEX,2007,,,89.93061,,93.47952,73.26152,102.4085,,,89.39926,
Mexico,MEX,2008,,,88.69606,,96.92931,75.52064,101.8005,,,92.05694,
Mexico,MEX,2009,,,79.7077,,91.04729,76.04787,95.62396,,,88.82463,
Mexico,MEX,2010,,,86.64938,,91.05759,80.311,99.99503,,,88.78098,
Mexico,MEX,2011,,,89.38861,,94.69849,87.01955,103.4552,,,90.31955,
Mexico,MEX,2012,,,92.91037,,96.9913,88.86436,106.3328,,,94.02585,
Mexico,MEX,2013,,,93.39861,,95.4646,89.4146,105.8849,,,94.26215,
Mexico,MEX,2014,,,97.14741,,97.98505,98.23959,108.7059,,,95.25173,
Mexico,MEX,2015,,,100.0,,100.0,100.0,109.7885,,,100.0,
Mexico,MEX,2016,,,101.5523,,101.6326,99.36742,109.6348,,,105.3131,
Mexico,MEX,2017,,,104.3798,,101.2733,98.43515,109.1384,,,105.0273,
Mexico,MEX,2018,,,106.3042,,101.4521,107.45,,,,106.7077,
Mexico,MEX,2019,,,106.5131,,96.51224,107.4272,,,,108.9677,
Mexico,MEX,2020,,,96.74886,,79.79498,99.93322,,,,98.99458,
Netherlands,NLD,2000,132.9972,59.07885,88.62147,77.00642,110.2759,,95.92149,83.48616,86.71055,103.8663,
Netherlands,NLD,2001,118.012,56.94606,87.25537,80.74006,111.8843,,95.86406,85.2951,83.52775,105.3912,
Netherlands,NLD,2002,113.6628,63.15381,87.33945,92.12434,109.6591,,96.95846,86.08703,78.85352,105.2912,
Netherlands,NLD,2003,108.8187,72.45779,86.51391,89.99083,105.0254,,95.839,85.94531,78.86185,102.9248,
Netherlands,NLD,2004,107.6855,74.04259,89.77787,91.38261,103.492,,99.90748,91.86395,83.32778,102.3331,
Netherlands,NLD,2005,103.5264,82.50717,91.73471,107.5673,107.7006,,100.2416,92.84762,85.11915,103.3081,
Netherlands,NLD,2006,107.7109,99.30502,94.97584,103.9003,110.7426,,102.2748,97.75758,88.97684,107.541,
Netherlands,NLD,2007,112.5276,95.07288,100.6249,102.1085,118.2682,,106.4995,102.3341,96.75887,110.5491,
Netherlands,NLD,2008,111.2543,99.66934,99.2168,105.3088,122.9853,,107.2994,99.86662,95.85902,111.0657,
Netherlands,NLD,2009,86.17225,80.51959,90.5849,105.2254,117.3514,,99.40839,89.72991,79.84502,105.5495,
Netherlands,NLD,2010,107.526,66.65304,96.92551,111.0093,103.7253,,106.9411,96.96565,91.04316,104.4913,
Netherlands,NLD,2011,123.6847,62.3694,100.125,97.64147,104.7337,,106.3911,98.93298,98.34194,102.9748,
Netherlands,NLD,2012,111.816,77.98317,99.40843,96.97475,96.27469,,105.8912,99.92497,97.16714,99.85835,
Netherlands,NLD,2013,92.75977,68.69965,98.35027,95.81631,90.64088,,106.4578,97.12404,95.4341,96.32531,
Netherlands,NLD,2014,86.25081,82.79709,99.39177,92.88274,93.52446,,103.558,98.64121,97.87535,97.61687,
Netherlands,NLD,2015,100.0,100.0,100.0,100.0,100.0,,100.0,100.0,100.0,100.0,
Netherlands,NLD,2016,85.68999,111.1637,102.9495,108.0257,108.6341,,101.3749,101.2504,101.5414,101.7499,
Netherlands,NLD,2017,92.25281,135.922,106.3073,107.4673,116.7847,,102.4831,102.4925,108.8402,104.533,
Netherlands,NLD,2018,99.55869,133.6956,109.0235,107.2006,122.3602,,103.1497,103.6596,114.4309,107.6494,
Netherlands,NLD,2019,100.2063,,108.4486,120.0183,129.2274,,102.3581,100.9003,115.4141,109.8658,
Netherlands,NLD,2020,79.66975,,104.2493,137.6615,127.6856,,98.96675,99.09136,107.1905,112.9073,
New Zealand,NZL,2000,72.77487,74.02698,92.06638,,58.94688,,86.98309,,,,
New Zealand,NZL,2001,78.26748,75.70028,92.65652,,57.30139,,86.81423,,,,
New Zealand,NZL,2002,83.9846,100.2801,98.46474,,61.10516,,91.77232,,,,
New Zealand,NZL,2003,95.26093,110.2536,102.7422,,66.96005,,94.78403,,,,
New Zealand,NZL,2004,95.83562,115.8153,107.095,,73.96296,,98.15491,,,,
New Zealand,NZL,2005,96.47062,95.91257,107.7206,,76.19776,,98.41586,,,,
New Zealand,NZL,2006,83.85475,95.65089,105.3734,,80.3842,,97.41811,,,,
New Zealand,NZL,2007,82.86707,94.31667,106.1854,,86.2391,,101.5903,,,,
New Zealand,NZL,2008,68.79395,68.02299,100.071,,81.20313,,99.77896,,,,
New Zealand,NZL,2009,51.58813,53.166,91.13902,,80.24644,,93.80775,,,,
New Zealand,NZL,2010,63.09903,57.50406,95.36761,,79.89438,,97.24312,,,,
New Zealand,NZL,2011,60.68175,50.35382,94.08528,,78.73871,,94.44325,,,,
New Zealand,NZL,2012,65.00069,62.39496,95.25225,,81.64703,,95.01427,,,,
New Zealand,NZL,2013,75.98423,78.46823,96.02431,,86.38451,,95.49934,,,,
New Zealand,NZL,2014,92.38416,91.09907,98.20739,,93.85428,,98.4742,,,,
New Zealand,NZL,2015,100.0,100.0,100.0,,100.0,,100.0,,,,
New Zealand,NZL,2016,105.6254,110.8138,103.0616,,108.878,,101.5504,,,,
New Zealand,NZL,2017,114.8794,114.5769,105.0095,,117.7637,,102.9288,,,,
New Zealand,NZL,2018,107.166,121.6129,106.9974,,122.0037,,104.605,,,,
New Zealand,NZL,2019,102.5639,138.6813,108.1865,,133.392,,105.7502,,,,
New Zealand,NZL,2020,81.25568,145.2897,103.7627,,129.3586,,101.2956,,,,
Norway,NOR,2000,71.97318,75.225,87.0455,98.49192,63.775,,121.6156,85.37378,55.74166,66.69167,75.85605
Norway,NOR,2001,68.59317,79.35833,85.35762,83.83603,64.575,,120.7428,86.88224,55.64167,67.75833,81.12329
Norway,NOR,2002,69.9388,72.26667,84.51368,89.26012,64.325,,119.6373,84.90707,56.26667,71.3,72.53856
Norway,NOR,2003,68.94408,74.70834,81.06759,73.83769,66.0,,116.6699,80.22335,52.51667,73.19167,72.70993
Norway,NOR,2004,82.47662,99.2,82.36866,75.03749,70.825,,116.3402,83.79031,52.09167,75.875,95.27597
Norway,NOR,2005,80.0902,106.6833,84.40115,93.60107,76.8,,116.3596,90.3242,55.15,78.175,102.202
Norway,NOR,2006,81.33062,113.475,88.95844,82.64456,81.425,,113.8189,93.10776,61.90833,82.35833,105.9333
Norway,NOR,2007,93.24567,110.0583,93.86736,93.17614,86.4,,112.4806,96.87474,69.16666,87.93333,104.7693
Norway,NOR,2008,78.26285,87.10833,96.89148,97.00883,87.65,,113.0237,97.29144,78.5,89.65833,83.80056
Norway,NOR,2009,71.48804,63.09167,90.8573,89.70171,79.95,,108.5822,90.26585,79.875,90.075,63.29744
Norway,NOR,2010,90.41962,66.11667,93.24847,85.1858,79.95,,102.5213,95.02458,79.33334,91.55,68.80073
Norway,NOR,2011,96.13202,92.74167,94.57767,87.68539,82.425,,97.43987,100.6167,82.60833,93.49167,89.67892
Norway,NOR,2012,97.36617,98.19167,96.67346,101.6414,88.6,,99.14662,101.9168,89.79166,96.3,97.46176
Norway,NOR,2013,100.1081,97.88333,99.79605,92.73454,94.225,,96.48952,106.6172,98.80833,97.63333,97.81744
Norway,NOR,2014,97.92297,87.45,103.1999,98.15864,98.55,,98.55508,107.2756,105.9833,99.40833,87.7227
Norway,NOR,2015,100.0,100.0,100.0,100.0,100.0,,100.0,100.0,100.0,100.0,100.0
Norway,NOR,2016,98.94613,116.4917,95.43568,103.1828,104.0,,98.78782,93.42445,87.65833,98.53333,118.1169
Norway,NOR,2017,105.5156,117.3333,95.56228,103.0162,108.625,,98.50659,92.54938,83.25,100.1583,114.1203
Norway,NOR,2018,98.5901,104.8417,96.66644,101.2998,112.925,,96.69318,94.72456,86.41666,100.9,101.9401
Norway,NOR,2019,91.50477,100.175,99.21935,93.22613,117.875,,92.47478,98.41653,95.70834,100.7333,102.7387
Norway,NOR,2020,90.29904,98.20834,97.02511,106.2073,116.55,,99.30178,97.13309,90.33334,109.075,96.77951
OECD - Total,OECD,2000,112.572,,,,,,87.53307,,,83.02213,
OECD - Total,OECD,2001,111.1074,,,,,,85.90371,,,84.12299,
OECD - Total,OECD,2002,109.6846,,,,,,86.39378,,,85.25867,
OECD - Total,OECD,2003,106.7565,,,,,,88.10903,,,86.4937,
OECD - Total,OECD,2004,108.2207,,,,,,91.13743,,,89.0117,
OECD - Total,OECD,2005,109.4027,,,,,,93.63496,,,91.24612,
OECD - Total,OECD,2006,109.3289,,,,,,97.27955,,,93.39593,
OECD - Total,OECD,2007,107.5983,,,,,,100.4134,,,94.80122,
OECD - Total,OECD,2008,98.13558,,,,,,98.393,,,92.76911,
OECD - Total,OECD,2009,91.87064,,,,,,86.39768,,,89.23637,
OECD - Total,OECD,2010,90.9765,,,,,,93.04349,,,91.69965,
OECD - Total,OECD,2011,89.38273,,,,,,95.66209,,,93.52833,
OECD - Total,OECD,2012,90.49002,,,,,,96.44159,,,94.82166,
OECD - Total,OECD,2013,90.95909,,,,,,97.22861,,,96.29633,
OECD - Total,OECD,2014,92.88522,,,,,,99.4577,,,98.09185,
OECD - Total,OECD,2015,94.9159,,,,,,100.0,,,100.0,
OECD - Total,OECD,2016,95.39674,,,,,,100.2043,,,101.8504,
OECD - Total,OECD,2017,93.95853,,,,,,102.7363,,,104.2831,
OECD - Total,OECD,2018,,,,,,,105.0537,,,106.1882,
OECD - Total,OECD,2019,,,,,,,104.4985,,,107.7806,
OECD - Total,OECD,2020,,,,,,,97.85968,,,107.6869,
Poland,POL,2000,,80.50015,41.98817,93.23277,76.29803,,47.425,43.84532,31.80833,58.75834,
Poland,POL,2001,,78.92989,41.95484,101.0751,67.90566,,47.65,42.77023,29.86667,60.06667,68.47562
Poland,POL,2002,,45.52912,42.74644,100.6584,60.86341,,48.34167,44.70372,28.93333,60.24166,45.69931
Poland,POL,2003,101.7117,52.36254,47.23773,101.3084,56.42137,,52.6,49.29578,34.40833,63.51667,49.69567
Poland,POL,2004,90.26987,60.83454,54.23715,102.7086,55.72964,,59.43333,56.19635,45.75834,67.325,60.01199
Poland,POL,2005,66.83371,65.59776,56.7786,106.4172,60.43837,,61.975,58.16318,50.25,66.73333,62.84686
Poland,POL,2006,67.81867,89.17287,64.87793,106.7922,70.07251,,69.50833,65.36378,59.525,74.68333,81.92372
Poland,POL,2007,83.23071,131.1664,71.92734,109.2174,81.59846,,76.05,72.35603,68.53333,81.80833,109.925
Poland,POL,2008,90.81725,121.8852,74.15215,108.5424,89.75748,,78.125,72.13934,73.95,85.0,103.7309
Poland,POL,2009,90.86436,94.69289,71.6607,103.0669,93.88282,,75.01667,67.964,66.60833,86.71667,84.85657
Poland,POL,2010,94.63394,92.64228,80.60162,103.692,97.46645,,83.38333,78.86491,73.60833,91.39167,93.86056
Poland,POL,2011,84.54512,97.49976,86.78443,105.3338,112.376,,89.00833,87.57397,82.20834,90.55,96.31657
Poland,POL,2012,76.87145,87.43261,88.06766,106.8839,106.5172,,90.125,88.27402,81.36667,89.39167,84.20159
Poland,POL,2013,82.00851,73.44536,90.3758,105.7338,95.5663,,92.2,89.9325,84.81667,92.90833,75.64711
Poland,POL,2014,92.33002,83.01575,94.51712,102.5752,99.69164,,95.35,95.60796,90.53333,93.79166,87.93549
Poland,POL,2015,100.0,100.0,100.0,100.0,100.0,,100.0,100.0,100.0,100.0,100.0
Poland,POL,2016,118.0826,112.0447,104.1163,92.69106,85.46545,,102.825,103.6003,103.95,105.8333,103.2832
Poland,POL,2017,137.3978,132.5153,111.749,96.44971,97.17477,,109.6167,111.6176,112.6917,112.0417,122.3197
Poland,POL,2018,150.9333,136.1452,118.1318,106.6422,116.3514,,116.075,118.7432,119.1667,119.3917,131.7714
Poland,POL,2019,157.6612,142.1884,123.0897,112.0593,120.56,,120.9083,123.2103,125.6833,124.8583,140.9007
Poland,POL,2020,121.5514,146.251,121.9565,109.0424,116.368,,119.3917,125.0688,114.25,128.8583,132.9204
Portugal,PRT,2000,144.4435,1418.225,130.5929,,305.8171,,132.9431,102.7834,252.2826,100.3911,
Portugal,PRT,2001,142.9724,1328.608,133.6727,,320.31,,137.1201,105.8929,264.2661,106.5061,
Portugal,PRT,2002,126.6601,1113.0,142.3927,,316.9431,,135.6537,120.2153,272.4196,108.2879,
Portugal,PRT,2003,106.3243,949.1667,139.7144,,289.7158,,134.2463,122.4382,243.2229,107.5183,
Portugal,PRT,2004,110.7236,897.3417,135.6388,,277.1481,,128.6687,120.2153,225.1749,110.9481,
Portugal,PRT,2005,115.6776,858.6417,127.0141,,270.4392,,124.1769,111.1585,199.9566,113.5738,
Portugal,PRT,2006,109.0749,835.325,125.8929,,253.1711,,123.4745,112.4075,188.4066,117.6432,
Portugal,PRT,2007,113.0603,764.975,123.397,,244.4287,,121.3841,115.0819,173.6872,120.2173,
Portugal,PRT,2008,119.5436,534.0417,115.4813,,233.1694,,114.7922,110.7646,156.2783,123.0015,
Portugal,PRT,2009,90.20184,317.075,100.1356,,208.8841,,102.6777,99.25472,111.3853,116.0505,
Portugal,PRT,2010,125.1878,291.0917,100.0775,,184.9154,,103.659,102.2942,108.1202,116.2757,
Portugal,PRT,2011,85.93917,204.4167,98.58415,,160.6634,,102.1715,103.14,105.181,109.4329,
Portugal,PRT,2012,53.3935,133.65,95.94526,,135.3779,,96.20998,99.24188,99.05634,103.5164,
Portugal,PRT,2013,59.3385,86.84167,95.86283,,113.9428,,96.59642,95.63895,94.97371,101.2316,
Portugal,PRT,2014,80.01322,81.18333,97.63126,,102.8252,,98.04237,96.69566,98.66746,99.7752,
Portugal,PRT,2015,100.0,100.0167,100.0,,100.0,,100.0,100.0,100.0,100.0,
Portugal,PRT,2016,116.1426,136.5,99.97166,,95.07459,,102.41,100.3967,99.77,102.7459,
Portugal,PRT,2017,124.4427,172.575,103.5125,,96.67472,,106.0291,103.0642,103.305,108.096,
Portugal,PRT,2018,127.7032,243.475,103.1775,,100.3667,,106.1624,101.3142,109.4209,113.4086,
Portugal,PRT,2019,125.3738,281.2417,102.32,,103.2419,,103.8625,100.4567,112.2643,116.1719,
Portugal,PRT,2020,81.46474,291.125,93.40833,,100.0417,,96.24336,93.735,96.92664,111.1202,
Russia,RUS,2000,,,50.66588,,,,57.85735,,,35.09317,
Russia,RUS,2001,,,51.66286,,,,59.56057,,,39.47058,
Russia,RUS,2002,,,52.24407,,,,61.45173,,,43.1127,
Russia,RUS,2003,,,57.9678,,,,67.30394,,,46.67867,
Russia,RUS,2004,,,63.86523,,,,72.69424,,,52.32848,
Russia,RUS,2005,,,68.91994,,,,76.50894,,,59.58494,
Russia,RUS,2006,,,74.72088,,,,81.38333,,,67.93206,
Russia,RUS,2007,,,82.58624,,,,87.01667,,,78.86218,
Russia,RUS,2008,,,83.16947,,,,87.58334,,,89.76965,
Russia,RUS,2009,,,70.58823,,,,78.20834,,,85.24818,
Russia,RUS,2010,,,78.11198,,,,83.80833,,,90.79661,
Russia,RUS,2011,,,84.48592,,,,88.05833,,,97.21509,
Russia,RUS,2012,,,88.82686,,,,91.09167,,,103.3947,
Russia,RUS,2013,,,91.46809,,,,92.68333,,,107.4685,
Russia,RUS,2014,,,94.34261,,,,94.98333,,,111.0541,
Russia,RUS,2015,,,100.0,,,,100.0,,,100.0,
Russia,RUS,2016,,,100.9248,,,,101.8667,,,95.179,
Russia,RUS,2017,,,106.5239,,,,105.6833,,,96.38425,
Russia,RUS,2018,,,110.04,,,,109.4167,,,99.12994,
Russia,RUS,2019,,,113.9393,,,,113.1083,,,100.9949,
Russia,RUS,2020,,,115.4891,,,,110.7583,,,97.78919,
Slovak Republic,SVK,2000,,,32.79167,107.95,69.99667,,41.00342,51.58737,19.13503,70.19912,
Slovak Republic,SVK,2001,,,34.11666,112.1,70.5799,,42.45354,55.13707,18.35555,74.2731,
Slovak Republic,SVK,2002,,,37.3,111.4583,73.46275,,45.42045,57.49521,18.79976,78.73032,
Slovak Republic,SVK,2003,76.76157,,45.325,110.6333,77.8037,,52.47104,68.84426,28.33794,75.8477,
Slovak Republic,SVK,2004,73.79092,,46.91667,114.4167,82.21963,,54.38787,71.16074,29.218,80.96309,
Slovak Republic,SVK,2005,73.39903,,46.275,118.9333,94.24263,,53.92116,69.19424,28.10326,88.87778,
Slovak Republic,SVK,2006,75.91612,,56.05,115.625,108.3569,,62.39687,75.01041,37.34808,95.85937,
Slovak Republic,SVK,2007,76.70761,,67.9,110.2917,114.6476,,72.89774,79.18507,55.07502,102.3744,
Slovak Republic,SVK,2008,89.99332,,78.56667,111.7833,128.3536,,83.08192,83.70135,63.19672,111.3805,
Slovak Republic,SVK,2009,96.00272,,65.66666,111.5167,113.8227,,72.15601,73.54387,45.98944,100.1833,
Slovak Republic,SVK,2010,82.27502,,75.89167,111.3417,100.0,,80.87341,83.75969,59.67647,97.98384,
Slovak Republic,SVK,2011,87.69852,,81.36667,113.0083,106.6572,,85.74881,84.93459,70.87419,95.67608,
Slovak Republic,SVK,2012,89.00139,,86.60833,97.16666,93.36777,,88.19902,87.19273,81.54388,94.72632,
Slovak Republic,SVK,2013,84.80238,,88.38333,95.975,88.41859,,89.49079,90.39246,83.22018,94.88461,
Slovak Republic,SVK,2014,92.83548,,91.81667,93.71667,84.74421,,92.18268,96.50029,86.82424,98.29209,
Slovak Republic,SVK,2015,100.0,,100.0,100.0,100.0,,100.0,100.0,100.0,100.0,
Slovak Republic,SVK,2016,113.2819,,103.3833,103.4167,89.26012,,103.2336,105.3079,103.537,102.1411,
Slovak Republic,SVK,2017,123.3181,,106.8,110.6,91.95134,,106.7589,110.4075,106.898,108.2479,
Slovak Republic,SVK,2018,126.0215,,113.7833,103.2,99.75838,,111.7426,110.7241,122.8061,112.1886,
Slovak Republic,SVK,2019,130.6753,,113.725,109.35,96.22563,,112.4844,106.0578,129.4108,110.6723,
Slovak Republic,SVK,2020,98.05083,,101.8917,116.2167,85.28579,,103.442,99.35005,111.9604,109.481,
Slovenia,SVN,2000,91.83075,144.3428,77.78333,84.3987,141.9632,,78.28986,70.15833,71.57737,65.3945,
Slovenia,SVN,2001,87.17218,134.817,79.975,92.28269,130.8891,,80.56505,71.48333,76.97692,71.98061,
Slovenia,SVN,2002,84.8429,129.2013,81.53333,97.29144,140.6716,,82.50687,73.63333,81.04324,74.08817,
Slovenia,SVN,2003,99.41349,145.3411,82.88333,93.90783,153.9788,,83.66531,74.24167,84.72627,76.60971,
Slovenia,SVN,2004,102.7147,151.4143,86.5,112.1593,157.9285,,87.75732,78.01667,94.69211,79.53019,
Slovenia,SVN,2005,99.96648,169.5923,89.93333,110.4342,162.4281,,90.80756,80.43333,103.2081,85.86791,
Slovenia,SVN,2006,99.58106,189.2263,95.49167,109.3924,187.3594,,95.958,87.25,108.3993,88.14107,
Slovenia,SVN,2007,113.0373,185.1913,103.625,97.24144,220.59,,102.8586,93.13333,122.4148,93.54544,
Slovenia,SVN,2008,117.7629,170.0915,106.3167,99.25827,253.8872,,105.4505,101.9917,111.3241,104.9112,
Slovenia,SVN,2009,94.58735,143.9684,86.45834,92.7244,198.3251,,87.13226,81.2,89.59254,93.80136,
Slovenia,SVN,2010,99.83243,116.5141,93.04166,94.40787,165.8112,,93.36611,92.46667,94.17548,93.74114,
Slovenia,SVN,2011,98.75995,107.5291,94.04166,99.09992,120.6233,,94.58288,92.19167,96.60862,95.74965,
Slovenia,SVN,2012,82.65605,97.37936,91.86667,109.4925,100.1833,,93.52446,87.60833,95.84201,93.49946,
Slovenia,SVN,2013,86.73649,104.8669,90.44167,113.7428,93.41721,,92.64105,87.53333,89.85085,92.29935,
Slovenia,SVN,2014,89.59364,96.13145,94.3,97.56647,108.1493,,94.68289,92.15,93.35056,95.55796,
Slovenia,SVN,2015,100.0,100.0,100.0,100.0,100.0,,100.0,100.0,100.0,100.0,
Slovenia,SVN,2016,107.6833,105.6988,107.65,96.61639,87.96767,,106.6255,106.95,115.907,106.6839,
Slovenia,SVN,2017,120.3603,110.1913,116.4917,99.69997,105.7662,,114.8512,114.6083,132.1723,115.8013,
Slovenia,SVN,2018,124.1391,115.5158,123.1,99.40829,126.9644,,120.6934,119.575,147.0711,125.1271,
Slovenia,SVN,2019,121.3322,104.7005,127.4667,98.57488,131.2224,,124.4687,119.925,156.8453,128.2357,
Slovenia,SVN,2020,88.02681,105.3245,121.1333,89.6158,130.2975,,117.9432,111.3667,142.8548,118.7849,
South Africa,ZAF,2000,55.22734,51.54502,85.96404,,52.45152,,,,,51.14706,
South Africa,ZAF,2001,59.40487,54.27587,87.65401,,57.18221,,,,,52.54374,
South Africa,ZAF,2002,56.68259,64.53195,91.45854,,56.77545,,,,,54.11736,
South Africa,ZAF,2003,59.65103,75.06728,89.36897,,62.49215,,,,,56.77655,
South Africa,ZAF,2004,72.80626,106.6178,93.07359,,79.18513,,,,,63.16217,
South Africa,ZAF,2005,99.95656,138.4504,95.7709,,99.45513,,,,,68.34553,
South Africa,ZAF,2006,115.6603,142.2267,100.1998,,118.9328,,,,,76.48847,
South Africa,ZAF,2007,109.47,144.5945,104.4539,,139.4841,,,,,81.48175,
South Africa,ZAF,2008,86.34521,106.3403,104.0709,,140.1869,,,,,81.41423,
South Africa,ZAF,2009,63.9806,69.86311,89.69364,,133.4254,,,,,78.98047,
South Africa,ZAF,2010,79.81465,70.09066,93.84782,,101.7178,,,,,83.37257,
South Africa,ZAF,2011,92.65855,71.86459,96.48685,,94.43786,,,,,88.48029,
South Africa,ZAF,2012,101.1367,77.02727,98.61805,,94.03883,,,,,92.35827,
South Africa,ZAF,2013,105.1187,83.58691,99.90842,,101.8789,,,,,94.81059,
South Africa,ZAF,2014,104.3078,94.91857,100.0166,,96.47404,,,,,96.62284,
South Africa,ZAF,2015,100.0,100.0,100.0,,100.0,,,,,100.0,
South Africa,ZAF,2016,88.64755,102.041,100.7076,,101.988,,,,,102.1703,
South Africa,ZAF,2017,90.29105,101.9811,100.0333,,115.4644,,,,,105.7092,
South Africa,ZAF,2018,89.415,104.5884,100.999,,110.4162,,,,,108.0506,
South Africa,ZAF,2019,86.88097,90.18616,99.88345,,129.6674,,,,,109.6305,
South Africa,ZAF,2020,61.55517,62.29514,87.44588,,68.8168,,,,,102.4901,
Spain,ESP,2000,133.5538,1219.248,127.7242,93.77059,148.955,,123.9645,139.8694,135.6095,111.0917,873.3275
Spain,ESP,2001,137.8388,1092.067,125.2334,96.88551,153.3683,,122.3866,136.4401,130.6826,115.0333,860.8107
Spain,ESP,2002,128.7793,1118.265,125.6804,97.72475,154.3676,,122.2909,138.428,124.2786,119.4167,886.7614
Spain,ESP,2003,133.6363,1306.074,127.5858,100.5318,165.4176,,123.7901,141.0203,124.9777,122.95,1024.116
Spain,ESP,2004,146.7065,1507.174,129.1718,107.5446,169.273,,125.7312,143.4964,127.3002,125.875,1121.645
Spain,ESP,2005,147.8273,1673.877,128.7248,111.8907,185.0945,,127.1059,143.4034,127.1875,127.5333,1184.122
Spain,ESP,2006,158.0504,2038.089,133.93,112.6088,193.6131,,132.0063,149.1576,137.8757,129.675,1257.135
Spain,ESP,2007,156.1386,1756.504,136.1818,114.8749,183.6622,,134.476,149.9799,148.4793,133.1083,1021.738
Spain,ESP,2008,112.2742,742.8298,125.5539,116.1245,153.0519,,124.1999,133.165,135.3559,125.3917,541.7413
Spain,ESP,2009,92.12363,361.6449,104.181,107.3117,129.4196,,104.6763,105.2462,105.4415,118.6083,181.8265
Spain,ESP,2010,94.95113,253.7539,104.8412,110.4359,104.0969,,105.562,108.0604,101.9253,116.1,142.2529
Spain,ESP,2011,78.13054,210.4575,103.1619,106.3799,87.89241,,104.0326,105.0975,102.0177,108.9833,118.5624
Spain,ESP,2012,67.64333,159.42,95.3735,106.4516,81.58048,,97.22192,95.74825,90.83018,100.2583,78.26683
Spain,ESP,2013,69.87688,86.55112,94.04308,102.2663,83.08768,,95.64458,93.22233,91.93226,95.03333,66.74991
Spain,ESP,2014,82.69982,93.28389,96.17883,99.84892,97.785,,96.84067,96.15891,93.24942,95.98333,72.97978
Spain,ESP,2015,100.0,100.0,100.0,100.0,100.0,,100.0001,100.0,100.0,100.0083,101.5739
Spain,ESP,2016,110.9105,158.5618,102.2992,97.75609,104.8297,,101.8914,101.8599,103.5885,103.875,134.0792
Spain,ESP,2017,119.4056,174.8438,105.5076,99.52116,103.8471,,105.0664,106.7745,107.4155,104.75,172.1869
Spain,ESP,2018,127.5139,234.6304,107.074,97.60275,105.8873,,105.4723,108.5841,110.3452,105.5083,
Spain,ESP,2019,121.6639,236.372,107.9277,96.24126,103.7805,,106.0731,,,107.8917,
Spain,ESP,2020,82.30426,137.0219,97.07175,90.95117,90.41552,,96.0415,,,100.8333,
Sweden,SWE,2000,97.98775,33.49166,104.4917,101.175,61.38334,,101.1666,107.45,103.4256,57.275,34.93873
Sweden,SWE,2001,80.19794,35.75,103.5,99.65833,64.63333,,100.1417,105.375,100.3667,58.825,40.29284
Sweden,SWE,2002,81.20835,33.33333,104.5417,90.5,65.3,,100.15,104.9583,102.7755,61.56667,39.56594
Sweden,SWE,2003,84.84384,45.28333,107.2083,83.65,68.00833,,101.6332,104.8667,107.8013,64.16666,45.79855
Sweden,SWE,2004,86.07584,54.83333,112.4417,93.31667,70.78333,,107.3744,108.7417,116.7361,67.39167,56.73728
Sweden,SWE,2005,86.14297,64.375,114.9167,97.14167,71.025,,110.0325,108.45,124.0123,71.76667,66.01662
Sweden,SWE,2006,86.70745,89.35833,120.4333,88.4,78.65,,113.4239,110.75,132.6721,77.35833,94.00623
Sweden,SWE,2007,93.53635,58.775,124.4667,91.35833,87.04166,,117.3402,115.3667,145.3409,81.8,57.20872
Sweden,SWE,2008,76.35246,50.18333,120.3333,92.80833,85.43333,,114.2405,111.6583,141.3152,83.06667,44.027
Sweden,SWE,2009,63.14114,44.21667,97.0,84.43333,83.90833,,94.15049,90.26667,101.7503,84.01667,37.27518
Sweden,SWE,2010,85.30166,56.91667,105.8917,91.6,87.40833,,103.0747,100.2667,115.2442,86.975,57.17342
Sweden,SWE,2011,90.25148,57.78333,108.7583,92.49167,94.13333,,105.6829,104.3833,114.7358,87.88333,55.41848
Sweden,SWE,2012,83.25735,50.53333,103.8583,102.0417,92.76667,,103.3747,99.7,106.226,89.96667,44.26376
Sweden,SWE,2013,80.72732,63.48333,99.25833,94.15833,89.90833,,98.42513,95.98333,99.39156,92.19167,63.28556
Sweden,SWE,2014,89.5298,75.975,96.94167,95.24167,91.39167,,96.8086,96.275,94.27405,95.25,76.2513
Sweden,SWE,2015,100.0,100.0,100.0,100.0,100.0,,100.0,100.0,100.0,100.0,100.0
Sweden,SWE,2016,107.2063,123.85,102.7417,95.35,103.5917,,102.0748,103.9083,105.0258,103.0083,127.4766
Sweden,SWE,2017,108.5088,135.0583,106.95,100.475,114.2333,,106.4495,107.825,113.4856,104.9083,132.9512
Sweden,SWE,2018,100.9955,113.7417,110.05,99.925,121.525,,108.8909,107.2833,120.0617,106.575,110.4507
Sweden,SWE,2019,101.3895,100.9833,112.4167,103.8667,122.3417,,111.4574,104.3417,120.3367,109.2083,102.7767
Sweden,SWE,2020,83.77154,120.9,107.0833,100.25,121.7,,106.6078,102.35,107.9597,111.6833,116.2035
Switzerland,CHE,2000,96.12983,,81.7733,,86.25,92.78207,83.10361,,,77.95139,
Switzerland,CHE,2001,96.15978,,80.82278,,84.425,96.7845,82.49359,,,79.2327,
Switzerland,CHE,2002,89.57367,,76.61055,,85.275,92.86549,78.28822,,,78.73156,
Switzerland,CHE,2003,82.44437,,76.81805,,84.975,94.69234,78.60392,,,78.60655,
Switzerland,CHE,2004,81.76118,,80.2,,88.425,94.28931,81.75,,,79.53996,
Switzerland,CHE,2005,79.68442,,80.975,,91.175,89.03112,81.95,,,81.1651,
Switzerland,CHE,2006,82.45568,,87.425,,93.225,90.91927,87.975,,,83.35695,
Switzerland,CHE,2007,86.80363,,96.5,,94.5,89.26756,96.025,,,86.99892,
Switzerland,CHE,2008,88.02603,,96.025,,95.8,94.97708,95.8,,,89.76582,
Switzerland,CHE,2009,81.45612,,88.675,,95.85,94.81924,89.35,,,90.3242,
Switzerland,CHE,2010,90.6628,,95.075,,97.425,100.2506,95.625,,,92.8494,
Switzerland,CHE,2011,100.2482,,97.7,95.27539,100.2,95.27563,97.35,,,93.87449,
Switzerland,CHE,2012,102.1098,,98.375,103.1831,99.575,103.1872,98.875,,,97.24144,
Switzerland,CHE,2013,94.80686,,99.275,106.0162,100.925,106.0184,100.05,,,99.06659,
Switzerland,CHE,2014,92.33179,,101.45,101.5499,103.425,101.5535,101.45,,,100.0167,
Switzerland,CHE,2015,100.0,,100.0,100.0,100.0,100.0,100.0,,,100.0,
Switzerland,CHE,2016,97.61205,,100.6,97.5502,99.375,97.5517,100.25,,,98.83324,
Switzerland,CHE,2017,96.14205,,106.825,96.25864,101.575,96.2724,105.675,,,100.4417,
Switzerland,CHE,2018,91.97415,,113.275,100.6333,101.8,100.6257,111.875,,,101.2834,
Switzerland,CHE,2019,95.06057,,118.225,105.7745,100.7,105.801,116.75,,,102.2835,
Switzerland,CHE,2020,72.44753,,114.3,102.5331,100.45,102.5464,112.975,,,103.6336,
Türkiye,TUR,2000,46.83463,65.87476,42.31667,48.575,7.590252,48.50478,43.82968,,,,
Türkiye,TUR,2001,15.67944,64.2094,38.30833,47.575,6.062138,47.58773,40.005,,,,
Türkiye,TUR,2002,9.35406,34.65006,42.49166,50.18333,7.145405,50.19116,43.77969,,,,
Türkiye,TUR,2003,23.61297,39.62738,46.45,54.425,8.146727,54.41988,47.59604,,,,
Türkiye,TUR,2004,57.98713,61.18421,51.25834,58.09167,9.902619,58.10867,52.25398,,,,
Türkiye,TUR,2005,54.54302,92.98621,59.13334,62.375,11.33048,62.3699,59.60337,58.575,49.86665,,
Türkiye,TUR,2006,53.14929,93.20269,63.38334,67.80833,14.22124,67.79694,63.96967,64.01667,53.95066,,
Türkiye,TUR,2007,47.38676,85.85432,67.64167,73.81667,15.72787,73.82269,68.45263,68.025,61.24354,,
Türkiye,TUR,2008,47.34656,75.91374,66.64167,76.35833,14.99346,76.3484,68.06933,65.78333,62.18536,,
Türkiye,TUR,2009,47.96301,74.05627,59.08333,74.69167,12.60846,74.69564,61.34489,59.575,44.85748,,
Türkiye,TUR,2010,65.07639,112.2507,67.575,80.9,14.7189,80.90069,69.37755,69.61667,56.43441,71.83568,
Türkiye,TUR,2011,80.71563,81.76451,78.43333,88.0,18.38077,87.99875,80.035,81.16666,70.7868,79.99333,
Türkiye,TUR,2012,75.83758,85.40355,81.94167,91.93333,19.88329,91.93333,83.5097,85.15833,72.32872,84.86793,
Türkiye,TUR,2013,87.77808,95.82677,88.08334,92.13333,22.73,92.13963,88.98425,91.96667,79.87164,90.24248,
Türkiye,TUR,2014,78.51782,109.8844,93.84167,96.4,23.82112,96.39301,94.23381,96.25,88.56476,93.85051,
Türkiye,TUR,2015,100.0,100.0,100.0,100.0,25.0,100.0,100.0,100.0,100.0,100.0,
Türkiye,TUR,2016,99.9866,105.9361,103.425,105.5667,26.27237,105.5544,103.3997,101.9083,105.6593,102.2581,
Türkiye,TUR,2017,99.43715,130.787,112.7167,114.3917,28.73479,114.3886,112.7739,111.4917,118.9115,107.9577,
Türkiye,TUR,2018,70.51863,78.98204,113.8667,115.7417,28.19815,115.7436,113.9988,111.225,118.5864,109.9742,
Türkiye,TUR,2019,51.80917,42.70131,113.025,115.8333,25.77261,115.8352,113.3072,107.2083,118.6114,109.4492,
Türkiye,TUR,2020,80.62182,77.36073,115.8167,116.1083,24.36518,116.0943,115.7904,111.95,119.3699,113.0322,
United Kingdom,GBR,2000,84.36178,104.875,82.37948,91.85339,,,99.43403,112.7107,94.52664,71.31355,95.84682
United Kingdom,GBR,2001,93.36496,107.525,83.90977,125.8555,,,102.3523,110.3249,91.69588,76.06966,98.92799
United Kingdom,GBR,2002,97.3468,107.45,86.57231,111.5077,,,103.4489,107.5075,85.23048,80.69469,101.5237
United Kingdom,GBR,2003,97.9323,115.15,89.04025,127.5143,,,106.2522,107.0597,85.25613,82.37993,108.7985
United Kingdom,GBR,2004,97.48495,126.55,90.87129,107.8513,,,105.6774,108.5254,88.02702,86.86452,119.2017
United Kingdom,GBR,2005,92.64151,125.95,92.49889,86.46864,,,104.6604,108.0124,87.82178,87.5948,117.4488
United Kingdom,GBR,2006,89.03973,124.425,98.2751,96.71704,,,108.2066,110.9763,91.55905,89.37366,114.7586
United Kingdom,GBR,2007,91.28552,130.175,98.52277,90.98489,,,106.5706,111.9779,93.59446,91.66745,123.8538
United Kingdom,GBR,2008,80.94903,78.75,99.29235,84.09762,,,105.138,107.4831,90.71239,91.62064,71.339
United Kingdom,GBR,2009,75.75458,63.475,90.42017,85.07903,,,97.9572,90.8558,80.62943,91.94832,58.07039
United Kingdom,GBR,2010,77.11577,77.325,91.78239,80.24145,92.05708,,96.68376,95.48897,89.63483,91.84533,74.09655
United Kingdom,GBR,2011,73.71372,76.9,90.67669,72.95467,92.99596,,91.46622,96.12409,95.67262,90.93718,76.05178
United Kingdom,GBR,2012,77.63837,69.65,92.74657,77.08876,86.25481,,91.49275,96.14038,97.06662,91.61127,67.98814
United Kingdom,GBR,2013,85.99713,83.3,96.27599,84.88796,87.64436,,93.50018,95.4564,98.05012,92.96883,84.20307
United Kingdom,GBR,2014,94.03577,94.35,99.27466,79.65086,96.32898,,95.30421,100.2361,100.9921,96.50782,94.41747
United Kingdom,GBR,2015,100.0,100.0,100.0088,100.0,100.0,,100.0,100.0,100.0,100.0,100.0
United Kingdom,GBR,2016,102.2511,104.8,99.38081,101.5633,104.1029,,100.5041,97.72005,102.617,104.4659,104.5779
United Kingdom,GBR,2017,96.47291,109.825,100.6015,94.39812,110.4403,,100.336,99.73129,108.1587,106.5443,110.9088
United Kingdom,GBR,2018,89.88586,110.275,104.9093,91.39309,110.4028,,103.6788,99.63358,110.1599,109.1564,113.5922
United Kingdom,GBR,2019,87.75916,105.85,106.1477,104.2209,112.6749,,106.1019,,,112.3397,102.771
United Kingdom,GBR,2020,61.93515,,106.2716,113.6616,96.35715,,107.4372,,,113.0699,88.91586
United States,USA,2000,116.5928,,96.53459,,74.41433,,91.68756,107.5566,,86.76505,142.1152
United States,USA,2001,110.9376,,93.04539,,77.8895,,88.89376,100.4687,,86.61457,144.6293
United States,USA,2002,106.8266,,93.48402,,78.59679,,89.19296,101.6453,,87.10782,154.4825
United States,USA,2003,100.3589,,94.74491,,82.64038,,90.34648,101.4374,,88.83401,167.4445
United States,USA,2004,99.38815,,97.7028,,91.89715,,92.76117,104.7902,,92.1015,176.0933
United States,USA,2005,101.7547,,101.7109,,102.3516,,95.87004,106.7795,,94.6338,187.2413
United States,USA,2006,103.0941,,104.3245,,108.1995,,98.0588,108.5648,,96.24565,163.9669
United States,USA,2007,100.4486,,107.2266,,106.8212,,100.5704,111.9401,,96.59966,121.2044
United States,USA,2008,89.91524,,102.0928,,98.9615,,97.08659,105.0743,,91.79885,81.29469
United States,USA,2009,71.74866,,88.055,,83.72523,,86.05129,89.22404,,84.74963,50.0414
United States,USA,2010,74.85797,,93.28888,,74.58156,,90.8214,97.06804,,88.22936,52.83402
United States,USA,2011,80.93386,,96.01237,,73.04768,,93.67844,98.92415,,92.02048,55.27287
United States,USA,2012,96.2452,,98.49901,,79.4383,,96.53757,99.38068,,94.76064,70.79413
United States,USA,2013,100.7685,,99.39318,,83.42368,,98.47889,101.1865,,97.34994,83.84644
United States,USA,2014,102.3846,,100.536,,89.04472,,101.4357,101.7889,,99.45892,90.38013
United States,USA,2015,100.0,,100.0,,100.0,,100.0,100.0,,100.0,100.0
United States,USA,2016,91.43076,,99.22009,,107.9446,,97.83552,99.60834,,101.242,106.338
United States,USA,2017,80.88225,,99.77304,,112.6971,,99.12695,101.4656,,103.1171,109.2811
United States,USA,2018,70.53585,,101.0565,,119.3465,,102.2496,104.9339,,104.7422,112.6233
United States,USA,2019,62.69141,,99.06448,,124.5256,,101.5351,,,105.7173,116.6579
United States,USA,2020,45.18626,,92.55041,,134.2413,,94.23824,,,107.8239,126.1799
